{
  "type": "FeatureCollection",
  "features": [
    {
      "type": "Feature",
      "geometry": {
        "type": "Polygon",
        "coordinates": [
          [
            [
              -118.196476266014,
              34.1079477424889
            ],
            [
              -118.196661444551,
              34.1082081044278
            ],
            [
              -118.196701370632,
              34.1081884196385
            ],
            [
              -118.197002564282,
              34.1080398461715
            ],
            [
              -118.197002464789,
              34.1080396814614
            ],
            [
              -118.19700210024,
              34.1080391874387
            ],
            [
              -118.196935180971,
              34.1079450719752
            ],
            [
              -118.196977812543,
              34.107924036228
            ],
            [
              -118.196972741518,
              34.1079169549834
            ],
            [
              -118.196802281117,
              34.1080010702887
            ],
            [
              -118.196773706004,
              34.1080151584484
            ],
            [
              -118.196655910181,
              34.1078495161149
            ],
            [
              -118.196647397035,
              34.1078537067341
            ],
            [
              -118.196652435058,
              34.1078608155247
            ],
            [
              -118.196480027656,
              34.1079458952985
            ],
            [
              -118.196476266014,
              34.1079477424889
            ]
          ]
        ]
      },
      "properties": {
        "OBJECTID": 125,
        "Zoning": "(Q)C2-2D-HPOZ",
        "CATEGORY": "Commercial",
        "Shape__Area": 9581.314453125,
        "Shape__Length": 496.30739256039874
      }
    },
    {
      "type": "Feature",
      "geometry": {
        "type": "Polygon",
        "coordinates": [
          [
            [
              -118.19600136447,
              34.1087546844172
            ],
            [
              -118.196005507517,
              34.1087605031866
            ],
            [
              -118.19619313899,
              34.1090242692333
            ],
            [
              -118.196300793205,
              34.1091756395638
            ],
            [
              -118.196301389776,
              34.1091764629564
            ],
            [
              -118.196302019382,
              34.1091772862953
            ],
            [
              -118.196302648923,
              34.1091780821556
            ],
            [
              -118.196303278464,
              34.109178878016
            ],
            [
              -118.196303941041,
              34.1091796738226
            ],
            [
              -118.196304636589,
              34.109180442097
            ],
            [
              -118.196305332136,
              34.1091812103714
            ],
            [
              -118.196306027619,
              34.1091819511671
            ],
            [
              -118.196306756137,
              34.1091826919092
            ],
            [
              -118.196307517691,
              34.1091834325976
            ],
            [
              -118.196308279245,
              34.1091841732861
            ],
            [
              -118.196309040669,
              34.1091848590172
            ],
            [
              -118.196309835194,
              34.1091855721733
            ],
            [
              -118.196310629654,
              34.1091862578508
            ],
            [
              -118.196311457149,
              34.1091869434747
            ],
            [
              -118.19631228458,
              34.1091876016198
            ],
            [
              -118.196313112011,
              34.1091882597651
            ],
            [
              -118.196313972412,
              34.109188890378
            ],
            [
              -118.196314865849,
              34.1091895209372
            ],
            [
              -118.196315726251,
              34.1091901515501
            ],
            [
              -118.196316619623,
              34.1091907546307
            ],
            [
              -118.196317545966,
              34.109191330179
            ],
            [
              -118.196318472309,
              34.1091919057273
            ],
            [
              -118.196319398652,
              34.1091924812756
            ],
            [
              -118.196320357966,
              34.1091930292916
            ],
            [
              -118.196321317216,
              34.109193549829
            ],
            [
              -118.196322276465,
              34.1091940703664
            ],
            [
              -118.196323235715,
              34.1091945909037
            ],
            [
              -118.196324227935,
              34.1091950839088
            ],
            [
              -118.196325253126,
              34.1091955493816
            ],
            [
              -118.196326245282,
              34.109196014908
            ],
            [
              -118.196327270408,
              34.1091964529021
            ],
            [
              -118.196328295535,
              34.1091968908963
            ],
            [
              -118.196329320597,
              34.1091973014118
            ],
            [
              -118.196330378694,
              34.1091977118736
            ],
            [
              -118.196331436727,
              34.1091980948568
            ],
            [
              -118.19633249476,
              34.10919847784
            ],
            [
              -118.196333552728,
              34.1091988333445
            ],
            [
              -118.196334643732,
              34.1091991887955
            ],
            [
              -118.196335734671,
              34.1091995167677
            ],
            [
              -118.196336825546,
              34.1091998172614
            ],
            [
              -118.19633791642,
              34.109200117755
            ],
            [
              -118.196339007231,
              34.10920039077
            ],
            [
              -118.196340131076,
              34.1092006637313
            ],
            [
              -118.196341254857,
              34.109200909214
            ],
            [
              -118.196342378573,
              34.109201127218
            ],
            [
              -118.19634350229,
              34.109201345222
            ],
            [
              -118.196344625942,
              34.1092015357474
            ],
            [
              -118.196345749593,
              34.1092017262728
            ],
            [
              -118.196346873181,
              34.1092018893196
            ],
            [
              -118.196348029739,
              34.1092020248341
            ],
            [
              -118.196349153262,
              34.1092021604022
            ],
            [
              -118.196350309755,
              34.1092022684381
            ],
            [
              -118.196351466249,
              34.1092023764739
            ],
            [
              -118.196352622678,
              34.1092024570311
            ],
            [
              -118.196353746072,
              34.1092025376419
            ],
            [
              -118.196354902372,
              34.1092025632418
            ],
            [
              -118.196356058736,
              34.1092026163204
            ],
            [
              -118.196357214972,
              34.1092026144417
            ],
            [
              -118.196358371207,
              34.109202612563
            ],
            [
              -118.196359527443,
              34.1092026106842
            ],
            [
              -118.196360683549,
              34.1092025538483
            ],
            [
              -118.19636183972,
              34.1092025244909
            ],
            [
              -118.196362962727,
              34.10920244023
            ],
            [
              -118.196364118769,
              34.1092023559154
            ],
            [
              -118.19636527481,
              34.1092022716008
            ],
            [
              -118.196366430723,
              34.1092021323288
            ],
            [
              -118.196367553601,
              34.1092019931106
            ],
            [
              -118.196368709514,
              34.1092018538387
            ],
            [
              -118.196369832326,
              34.1092016871419
            ],
            [
              -118.196370955075,
              34.1092014929664
            ],
            [
              -118.196372077823,
              34.1092012987909
            ],
            [
              -118.196373200507,
              34.1092010771368
            ],
            [
              -118.196374323191,
              34.1092008554827
            ],
            [
              -118.19637544581,
              34.1092006063499
            ],
            [
              -118.19637653533,
              34.1092003297922
            ],
            [
              -118.196377657885,
              34.1092000531808
            ],
            [
              -118.196378747339,
              34.1091997491444
            ],
            [
              -118.196379836794,
              34.1091994451081
            ],
            [
              -118.196380926185,
              34.1091991135932
            ],
            [
              -118.196381982475,
              34.1091987546532
            ],
            [
              -118.196383071801,
              34.1091983956596
            ],
            [
              -118.196384128092,
              34.1091980367197
            ],
            [
              -118.196385184253,
              34.1091976228225
            ],
            [
              -118.196386207444,
              34.1091972364576
            ],
            [
              -118.19638726354,
              34.1091967950818
            ],
            [
              -118.196388286602,
              34.1091963537597
            ],
            [
              -118.196389309663,
              34.1091959124375
            ],
            [
              -118.196390299625,
              34.1091954436904
            ],
            [
              -118.196391322622,
              34.1091949748896
            ],
            [
              -118.197074561165,
              34.1088585672278
            ],
            [
              -118.197141776044,
              34.1088254831282
            ],
            [
              -118.197145471705,
              34.1088236635035
            ],
            [
              -118.197103410571,
              34.1087645429453
            ],
            [
              -118.19741044669,
              34.1086133759318
            ],
            [
              -118.197295234116,
              34.1084513846651
            ],
            [
              -118.197294405388,
              34.1084501769543
            ],
            [
              -118.19699304515,
              34.1085985590696
            ],
            [
              -118.196818139446,
              34.1083525797521
            ],
            [
              -118.196516976666,
              34.1085008504425
            ],
            [
              -118.19600136447,
              34.1087546844172
            ]
          ]
        ]
      },
      "properties": {
        "OBJECTID": 126,
        "Zoning": "(Q)C2-2D-HPOZ",
        "CATEGORY": "Commercial",
        "Shape__Area": 64062.2666015625,
        "Shape__Length": 1174.0222180002288
      }
    },
    {
      "type": "Feature",
      "geometry": {
        "type": "Polygon",
        "coordinates": [
          [
            [
              -118.211246689126,
              34.0912798698509
            ],
            [
              -118.211186220037,
              34.0913606530677
            ],
            [
              -118.211098890207,
              34.0914773154324
            ],
            [
              -118.211011560134,
              34.0915939777343
            ],
            [
              -118.210924229748,
              34.0917106124951
            ],
            [
              -118.210836932147,
              34.0918272471356
            ],
            [
              -118.210749634233,
              34.0919438542349
            ],
            [
              -118.210684061933,
              34.0920314608234
            ],
            [
              -118.210618686975,
              34.0921187922451
            ],
            [
              -118.211025074922,
              34.0923555816724
            ],
            [
              -118.211092817515,
              34.0923950601642
            ],
            [
              -118.211334316264,
              34.092535741195
            ],
            [
              -118.211347348879,
              34.0925433574814
            ],
            [
              -118.211342809836,
              34.0922894620894
            ],
            [
              -118.211329585024,
              34.0921142809327
            ],
            [
              -118.211310914185,
              34.0919013260675
            ],
            [
              -118.211293512252,
              34.0917330218937
            ],
            [
              -118.211276143488,
              34.0915647451393
            ],
            [
              -118.211258741695,
              34.0913964409626
            ],
            [
              -118.211246689126,
              34.0912798698509
            ]
          ]
        ]
      },
      "properties": {
        "OBJECTID": 2718,
        "Zoning": "[Q]C2-1VL",
        "CATEGORY": "Commercial",
        "Shape__Area": 49764.4111328125,
        "Shape__Length": 1089.989839017996
      }
    },
    {
      "type": "Feature",
      "geometry": {
        "type": "Polygon",
        "coordinates": [
          [
            [
              -118.209625526567,
              34.0939815429291
            ],
            [
              -118.209300408359,
              34.0937929430803
            ],
            [
              -118.209188713477,
              34.0939291286794
            ],
            [
              -118.209112318257,
              34.0940223038538
            ],
            [
              -118.209019260712,
              34.0941357870984
            ],
            [
              -118.208926202983,
              34.0942492977503
            ],
            [
              -118.20882873237,
              34.0943681468286
            ],
            [
              -118.209074854663,
              34.0945078351638
            ],
            [
              -118.209083057655,
              34.0945124923509
            ],
            [
              -118.209183445051,
              34.0945694468439
            ],
            [
              -118.209280882365,
              34.0944505975357
            ],
            [
              -118.209373972935,
              34.0943371140312
            ],
            [
              -118.209467030154,
              34.0942236030341
            ],
            [
              -118.209439742038,
              34.0942081248643
            ],
            [
              -118.209513831963,
              34.0941177288297
            ],
            [
              -118.209625526567,
              34.0939815429291
            ]
          ]
        ]
      },
      "properties": {
        "OBJECTID": 2719,
        "Zoning": "[Q]C2-1VL-HPOZ",
        "CATEGORY": "Commercial",
        "Shape__Area": 31857.0244140625,
        "Shape__Length": 765.567551751823
      }
    },
    {
      "type": "Feature",
      "geometry": {
        "type": "Polygon",
        "coordinates": [
          [
            [
              -118.210603371918,
              34.0910342890454
            ],
            [
              -118.210513974434,
              34.0911432330706
            ],
            [
              -118.210467415148,
              34.0911999478146
            ],
            [
              -118.210420822841,
              34.0912566900769
            ],
            [
              -118.210383582005,
              34.0913020948079
            ],
            [
              -118.210327704092,
              34.091370174433
            ],
            [
              -118.210234552063,
              34.0914836587753
            ],
            [
              -118.210141432809,
              34.0915971429888
            ],
            [
              -118.210048280205,
              34.0917105997097
            ],
            [
              -118.2103637566,
              34.0918896242375
            ],
            [
              -118.210407432224,
              34.091881194656
            ],
            [
              -118.210477349923,
              34.0917878101185
            ],
            [
              -118.210564713764,
              34.0916710657086
            ],
            [
              -118.21065211039,
              34.0915543211782
            ],
            [
              -118.210704548235,
              34.0914842689343
            ],
            [
              -118.210739473744,
              34.0914375766429
            ],
            [
              -118.210783188323,
              34.0913791905547
            ],
            [
              -118.210826869882,
              34.0913208319872
            ],
            [
              -118.210884574276,
              34.0912437634029
            ],
            [
              -118.210868009743,
              34.0911844932492
            ],
            [
              -118.210603371918,
              34.0910342890454
            ]
          ]
        ]
      },
      "properties": {
        "OBJECTID": 3051,
        "Zoning": "[Q]C2-1VL-HPOZ",
        "CATEGORY": "Commercial",
        "Shape__Area": 35283.3056640625,
        "Shape__Length": 819.6436276276178
      }
    },
    {
      "type": "Feature",
      "geometry": {
        "type": "Polygon",
        "coordinates": [
          [
            [
              -118.209936523197,
              34.0918467586263
            ],
            [
              -118.209843403134,
              34.0919602426115
            ],
            [
              -118.209815480263,
              34.0919942822745
            ],
            [
              -118.20975028275,
              34.0920736990469
            ],
            [
              -118.209726969672,
              34.0921020975502
            ],
            [
              -118.209590565304,
              34.0920246519246
            ],
            [
              -118.209520691752,
              34.0921097647781
            ],
            [
              -118.209427570832,
              34.0922232484439
            ],
            [
              -118.209542178326,
              34.0922882842012
            ],
            [
              -118.209564008332,
              34.0923006667182
            ],
            [
              -118.20947085423,
              34.0924141504754
            ],
            [
              -118.209377469362,
              34.0925279093479
            ],
            [
              -118.209513874421,
              34.092605382694
            ],
            [
              -118.209759827389,
              34.0927450149543
            ],
            [
              -118.209768355722,
              34.092734585715
            ],
            [
              -118.209770990099,
              34.092731421089
            ],
            [
              -118.209848184095,
              34.0926282693382
            ],
            [
              -118.209935582721,
              34.0925115253222
            ],
            [
              -118.210022981173,
              34.0923948087221
            ],
            [
              -118.21008852156,
              34.0923072575059
            ],
            [
              -118.210110379311,
              34.0922780645807
            ],
            [
              -118.210171541356,
              34.0921963464209
            ],
            [
              -118.210197744177,
              34.092161320434
            ],
            [
              -118.210285141828,
              34.0920445761671
            ],
            [
              -118.210271514528,
              34.0920368234079
            ],
            [
              -118.210245311707,
              34.0920718219322
            ],
            [
              -118.210230566725,
              34.0920136201933
            ],
            [
              -118.209936523197,
              34.0918467586263
            ]
          ]
        ]
      },
      "properties": {
        "OBJECTID": 3052,
        "Zoning": "[Q]C2-1VL-HPOZ",
        "CATEGORY": "Commercial",
        "Shape__Area": 44511.5224609375,
        "Shape__Length": 990.2046273796224
      }
    },
    {
      "type": "Feature",
      "geometry": {
        "type": "Polygon",
        "coordinates": [
          [
            [
              -118.210505613736,
              34.0922698749274
            ],
            [
              -118.210413508824,
              34.0923928926997
            ],
            [
              -118.210321403711,
              34.092515937881
            ],
            [
              -118.210229298327,
              34.0926389829926
            ],
            [
              -118.210137192602,
              34.0927620005559
            ],
            [
              -118.210045086676,
              34.0928850455281
            ],
            [
              -118.210478567259,
              34.0931376174417
            ],
            [
              -118.210570672895,
              34.0930145996165
            ],
            [
              -118.21066277819,
              34.092891554243
            ],
            [
              -118.210754883215,
              34.0927685087999
            ],
            [
              -118.210846988038,
              34.0926454907656
            ],
            [
              -118.210939092521,
              34.0925224451831
            ],
            [
              -118.211031196732,
              34.0923993995309
            ],
            [
              -118.210597718307,
              34.0921468296068
            ],
            [
              -118.210505613736,
              34.0922698749274
            ]
          ]
        ]
      },
      "properties": {
        "OBJECTID": 3053,
        "Zoning": "[Q]C2-1VL-HPOZ",
        "CATEGORY": "Commercial",
        "Shape__Area": 50638.134765625,
        "Shape__Length": 953.4449595080124
      }
    },
    {
      "type": "Feature",
      "geometry": {
        "type": "Polygon",
        "coordinates": [
          [
            [
              -118.209266206357,
              34.0926643690544
            ],
            [
              -118.209172985869,
              34.0927780450481
            ],
            [
              -118.20907992979,
              34.0928915283343
            ],
            [
              -118.208986873528,
              34.0930050390279
            ],
            [
              -118.208893783916,
              34.0931185222288
            ],
            [
              -118.208800727149,
              34.09323203278
            ],
            [
              -118.20870767006,
              34.0933455157814
            ],
            [
              -118.20908963312,
              34.0935623768924
            ],
            [
              -118.209182689862,
              34.0934488661173
            ],
            [
              -118.209275746421,
              34.0933353827497
            ],
            [
              -118.209368802659,
              34.0932218718323
            ],
            [
              -118.209461891741,
              34.0931083882649
            ],
            [
              -118.209554947474,
              34.092994877205
            ],
            [
              -118.209648134724,
              34.0928812284516
            ],
            [
              -118.209266206357,
              34.0926643690544
            ]
          ]
        ]
      },
      "properties": {
        "OBJECTID": 3054,
        "Zoning": "[Q]C2-1VL-HPOZ",
        "CATEGORY": "Commercial",
        "Shape__Area": 42010.0205078125,
        "Shape__Length": 880.140065089033
      }
    },
    {
      "type": "Feature",
      "geometry": {
        "type": "Polygon",
        "coordinates": [
          [
            [
              -118.210276521945,
              34.0931876232835
            ],
            [
              -118.210006609513,
              34.0930303649023
            ],
            [
              -118.210005683323,
              34.0930298169378
            ],
            [
              -118.210004691145,
              34.0930292965667
            ],
            [
              -118.210003731996,
              34.0930287761383
            ],
            [
              -118.210002739887,
              34.0930282832457
            ],
            [
              -118.210001747778,
              34.0930277903533
            ],
            [
              -118.210000755738,
              34.0930273249394
            ],
            [
              -118.209999730669,
              34.0930268595828
            ],
            [
              -118.209998705669,
              34.093026421705
            ],
            [
              -118.209997680669,
              34.093025983827
            ],
            [
              -118.209996655738,
              34.0930255734277
            ],
            [
              -118.209995597847,
              34.0930251905644
            ],
            [
              -118.209994539956,
              34.093024807701
            ],
            [
              -118.209993482066,
              34.0930244248376
            ],
            [
              -118.209992391284,
              34.0930240969888
            ],
            [
              -118.209991333462,
              34.093023741604
            ],
            [
              -118.20999024275,
              34.0930234412338
            ],
            [
              -118.209989151968,
              34.093023113385
            ],
            [
              -118.209988028295,
              34.0930228405508
            ],
            [
              -118.209986937652,
              34.0930225676592
            ],
            [
              -118.209985813979,
              34.0930222948249
            ],
            [
              -118.209984723474,
              34.0930220768905
            ],
            [
              -118.20998359987,
              34.0930218315348
            ],
            [
              -118.209982476404,
              34.0930216411363
            ],
            [
              -118.20998131991,
              34.0930214507952
            ],
            [
              -118.209980196445,
              34.0930212603967
            ],
            [
              -118.209979073048,
              34.0930210974768
            ],
            [
              -118.209977916692,
              34.0930209620928
            ],
            [
              -118.209976793433,
              34.0930208541301
            ],
            [
              -118.209975637146,
              34.0930207462247
            ],
            [
              -118.209974480858,
              34.0930206383193
            ],
            [
              -118.20997332464,
              34.0930205578925
            ],
            [
              -118.209972201519,
              34.0930205048869
            ],
            [
              -118.20997104537,
              34.0930204519387
            ],
            [
              -118.20996988929,
              34.0930204264691
            ],
            [
              -118.209968733278,
              34.093020428478
            ],
            [
              -118.209967577267,
              34.093020430487
            ],
            [
              -118.209966421324,
              34.0930204599745
            ],
            [
              -118.209965265451,
              34.0930205169406
            ],
            [
              -118.209964109577,
              34.0930205739067
            ],
            [
              -118.209962986733,
              34.0930206308154
            ],
            [
              -118.209961830997,
              34.0930207427387
            ],
            [
              -118.209960675193,
              34.0930208271833
            ],
            [
              -118.209959519526,
              34.0930209665851
            ],
            [
              -118.209958396889,
              34.0930211059296
            ],
            [
              -118.20995727432,
              34.0930212727526
            ],
            [
              -118.209956118723,
              34.093021439633
            ],
            [
              -118.209954996223,
              34.0930216339346
            ],
            [
              -118.209953873723,
              34.0930218282362
            ],
            [
              -118.209952751293,
              34.0930220500164
            ],
            [
              -118.209951628931,
              34.0930222992751
            ],
            [
              -118.209950506569,
              34.0930225485339
            ],
            [
              -118.209949417306,
              34.0930228252138
            ],
            [
              -118.209948328111,
              34.0930231293723
            ],
            [
              -118.209947238916,
              34.0930234335308
            ],
            [
              -118.209946149721,
              34.0930237376893
            ],
            [
              -118.209945060595,
              34.0930240693264
            ],
            [
              -118.209943971538,
              34.0930244284421
            ],
            [
              -118.20994291551,
              34.0930247875004
            ],
            [
              -118.209941859551,
              34.0930251740373
            ],
            [
              -118.209940803661,
              34.0930255880526
            ],
            [
              -118.2099397808,
              34.0930260020107
            ],
            [
              -118.20993872491,
              34.0930264160261
            ],
            [
              -118.209937702118,
              34.0930268574628
            ],
            [
              -118.209936712424,
              34.0930273263205
            ],
            [
              -118.2099356897,
              34.0930277952357
            ],
            [
              -118.209934700075,
              34.0930282915721
            ],
            [
              -118.20993371045,
              34.0930287879085
            ],
            [
              -118.209932753853,
              34.0930292841875
            ],
            [
              -118.209931797395,
              34.0930298354237
            ],
            [
              -118.209930840867,
              34.0930303591813
            ],
            [
              -118.209929884409,
              34.0930309104175
            ],
            [
              -118.209928961048,
              34.0930314890748
            ],
            [
              -118.209928070716,
              34.0930320676748
            ],
            [
              -118.209927147424,
              34.0930326738107
            ],
            [
              -118.209926257161,
              34.0930332798893
            ],
            [
              -118.209925399996,
              34.093033913389
            ],
            [
              -118.209924509803,
              34.0930345469461
            ],
            [
              -118.209923685666,
              34.0930351803885
            ],
            [
              -118.20992282857,
              34.0930358413668
            ],
            [
              -118.209922004572,
              34.0930365297664
            ],
            [
              -118.209921213603,
              34.0930372181085
            ],
            [
              -118.209920422634,
              34.0930379064506
            ],
            [
              -118.209919631733,
              34.0930386222714
            ],
            [
              -118.209918873862,
              34.0930393380347
            ],
            [
              -118.20991811599,
              34.093040053798
            ],
            [
              -118.209917391217,
              34.0930407969826
            ],
            [
              -118.209916666443,
              34.0930415401671
            ],
            [
              -118.209915974767,
              34.0930423107728
            ],
            [
              -118.209915283092,
              34.0930430813786
            ],
            [
              -118.209914624445,
              34.0930438519269
            ],
            [
              -118.209914163489,
              34.0930444297808
            ],
            [
              -118.209896020011,
              34.0930665541885
            ],
            [
              -118.209821569077,
              34.0931573357855
            ],
            [
              -118.209747118051,
              34.0932481448154
            ],
            [
              -118.209672666794,
              34.0933389263211
            ],
            [
              -118.209598215444,
              34.0934297352598
            ],
            [
              -118.209523763932,
              34.0935205441529
            ],
            [
              -118.20944931219,
              34.0936113255219
            ],
            [
              -118.209424714367,
              34.0936412924814
            ],
            [
              -118.209424088809,
              34.0936420904485
            ],
            [
              -118.20942346332,
              34.0936429158941
            ],
            [
              -118.209422837762,
              34.0936437138611
            ],
            [
              -118.209422278331,
              34.0936445391923
            ],
            [
              -118.20942168587,
              34.0936453645806
            ],
            [
              -118.209421126508,
              34.0936462173903
            ],
            [
              -118.209420600175,
              34.0936470701428
            ],
            [
              -118.209420073842,
              34.0936479228953
            ],
            [
              -118.209419580538,
              34.0936487755905
            ],
            [
              -118.209419087303,
              34.0936496557643
            ],
            [
              -118.209418627096,
              34.0936505358809
            ],
            [
              -118.20941816689,
              34.0936514159974
            ],
            [
              -118.209417739713,
              34.0936522960567
            ],
            [
              -118.209417345634,
              34.0936532035374
            ],
            [
              -118.209416951555,
              34.093654111018
            ],
            [
              -118.209416590506,
              34.0936550184414
            ],
            [
              -118.209416229456,
              34.0936559258648
            ],
            [
              -118.209415901435,
              34.093656833231
            ],
            [
              -118.209415573483,
              34.0936577680758
            ],
            [
              -118.20941527856,
              34.0936587028632
            ],
            [
              -118.209415016667,
              34.0936596375935
            ],
            [
              -118.209414754773,
              34.0936605723237
            ],
            [
              -118.209414525908,
              34.0936615069968
            ],
            [
              -118.209414297044,
              34.0936624416698
            ],
            [
              -118.209414101277,
              34.0936634037641
            ],
            [
              -118.209413938471,
              34.0936643383226
            ],
            [
              -118.209413775734,
              34.0936653003597
            ],
            [
              -118.209413645957,
              34.093666234861
            ],
            [
              -118.209413516249,
              34.0936671968409
            ],
            [
              -118.209413419569,
              34.0936681587635
            ],
            [
              -118.209413355919,
              34.0936691206289
            ],
            [
              -118.209413292201,
              34.0936700550156
            ],
            [
              -118.20941326158,
              34.0936710168237
            ],
            [
              -118.209413230959,
              34.0936719786319
            ],
            [
              -118.209413233367,
              34.0936729403827
            ],
            [
              -118.209413268805,
              34.0936739020764
            ],
            [
              -118.209413304242,
              34.09367486377
            ],
            [
              -118.209413372709,
              34.0936758254064
            ],
            [
              -118.209413474205,
              34.0936767869855
            ],
            [
              -118.209413575632,
              34.093677721086
            ],
            [
              -118.209413677128,
              34.0936786826652
            ],
            [
              -118.209413844682,
              34.0936796441298
            ],
            [
              -118.209414012167,
              34.0936805781159
            ],
            [
              -118.209414179722,
              34.0936815395805
            ],
            [
              -118.209414380236,
              34.0936824735093
            ],
            [
              -118.20941461378,
              34.0936834073809
            ],
            [
              -118.209414847323,
              34.0936843412524
            ],
            [
              -118.209415113896,
              34.0936852750667
            ],
            [
              -118.209415413498,
              34.0936862088238
            ],
            [
              -118.2094157131,
              34.0936871425808
            ],
            [
              -118.209416012702,
              34.0936880763379
            ],
            [
              -118.209416378294,
              34.0936889825018
            ],
            [
              -118.209416710856,
              34.093689888723
            ],
            [
              -118.209417109477,
              34.0936907948297
            ],
            [
              -118.209417508098,
              34.0936917009364
            ],
            [
              -118.20941790665,
              34.0936925795646
            ],
            [
              -118.209418371329,
              34.0936934855568
            ],
            [
              -118.20941880291,
              34.0936943641277
            ],
            [
              -118.20941926752,
              34.0936952426413
            ],
            [
              -118.209419765091,
              34.093696093619
            ],
            [
              -118.209420295759,
              34.0936969720182
            ],
            [
              -118.20942079333,
              34.0936978229959
            ],
            [
              -118.209421356959,
              34.0936986738592
            ],
            [
              -118.209421920519,
              34.0936994972438
            ],
            [
              -118.20942248408,
              34.0937003206285
            ],
            [
              -118.209423080669,
              34.0937011439559
            ],
            [
              -118.209423710288,
              34.0937019672261
            ],
            [
              -118.209424339837,
              34.0937027630176
            ],
            [
              -118.209425002416,
              34.0937035587519
            ],
            [
              -118.209425664926,
              34.0937043270076
            ],
            [
              -118.209426327505,
              34.0937051227419
            ],
            [
              -118.209427023045,
              34.0937058909404
            ],
            [
              -118.209427751544,
              34.0937066316029
            ],
            [
              -118.209428480044,
              34.0937073722655
            ],
            [
              -118.209429208544,
              34.0937081129281
            ],
            [
              -118.209429970004,
              34.0937088260549
            ],
            [
              -118.209430764493,
              34.0937095391243
            ],
            [
              -118.209431525954,
              34.0937102522511
            ],
            [
              -118.209432353403,
              34.0937109377847
            ],
            [
              -118.209433147755,
              34.093711595897
            ],
            [
              -118.209434008165,
              34.0937122538947
            ],
            [
              -118.209434835546,
              34.0937129119497
            ],
            [
              -118.209435695956,
              34.0937135699475
            ],
            [
              -118.209436556228,
              34.093714172988
            ],
            [
              -118.209437449599,
              34.0937148034499
            ],
            [
              -118.209438342901,
              34.0937154064332
            ],
            [
              -118.209439269163,
              34.0937159818806
            ],
            [
              -118.209440195425,
              34.093716557328
            ],
            [
              -118.209441518587,
              34.0937173519172
            ],
            [
              -118.209713018198,
              34.0938748561202
            ],
            [
              -118.209773969136,
              34.0938005303008
            ],
            [
              -118.209774430097,
              34.0937999524474
            ],
            [
              -118.209848420625,
              34.0937097212525
            ],
            [
              -118.209848881585,
              34.0937091433989
            ],
            [
              -118.209922871952,
              34.0936189121587
            ],
            [
              -118.209923332912,
              34.0936183343048
            ],
            [
              -118.209997323187,
              34.0935281304979
            ],
            [
              -118.209997784145,
              34.0935275526437
            ],
            [
              -118.210071774191,
              34.0934373213129
            ],
            [
              -118.210072235148,
              34.0934367434585
            ],
            [
              -118.210146225102,
              34.093346539561
            ],
            [
              -118.210146686059,
              34.0933459617062
            ],
            [
              -118.210220675783,
              34.0932557302849
            ],
            [
              -118.210221136738,
              34.0932551524298
            ],
            [
              -118.210276521945,
              34.0931876232835
            ]
          ]
        ]
      },
      "properties": {
        "OBJECTID": 3055,
        "Zoning": "[Q]C2-1VL-HPOZ",
        "CATEGORY": "Commercial",
        "Shape__Area": 36171.3720703125,
        "Shape__Length": 828.5455955175622
      }
    },
    {
      "type": "Feature",
      "geometry": {
        "type": "Polygon",
        "coordinates": [
          [
            [
              -118.20859597488,
              34.093481728309
            ],
            [
              -118.208502917235,
              34.0935952111536
            ],
            [
              -118.208409859407,
              34.0937087214057
            ],
            [
              -118.208316801189,
              34.0938221766294
            ],
            [
              -118.20827027202,
              34.0938789179537
            ],
            [
              -118.208223742856,
              34.0939356867389
            ],
            [
              -118.208130684201,
              34.0940491692987
            ],
            [
              -118.208065549612,
              34.0941286125326
            ],
            [
              -118.208392905561,
              34.0943144914515
            ],
            [
              -118.208393864784,
              34.0943150393715
            ],
            [
              -118.208394823938,
              34.0943155598127
            ],
            [
              -118.208395816053,
              34.0943160527184
            ],
            [
              -118.208396808168,
              34.0943165456241
            ],
            [
              -118.208397800282,
              34.0943170385298
            ],
            [
              -118.20839879226,
              34.0943174764783
            ],
            [
              -118.208399817336,
              34.0943179418484
            ],
            [
              -118.208400842344,
              34.0943183797399
            ],
            [
              -118.208401900312,
              34.0943187900959
            ],
            [
              -118.208402925251,
              34.0943192005087
            ],
            [
              -118.208403983151,
              34.0943195833861
            ],
            [
              -118.208405074012,
              34.0943199387278
            ],
            [
              -118.208406131843,
              34.0943202941265
            ],
            [
              -118.208407222704,
              34.0943206494682
            ],
            [
              -118.208408280467,
              34.0943209773883
            ],
            [
              -118.208409371191,
              34.0943212777728
            ],
            [
              -118.208410494944,
              34.0943215781003
            ],
            [
              -118.2084115856,
              34.0943218510061
            ],
            [
              -118.208412709284,
              34.094322123855
            ],
            [
              -118.208413799871,
              34.0943223692824
            ],
            [
              -118.208414923419,
              34.094322587174
            ],
            [
              -118.208416046967,
              34.0943228050657
            ],
            [
              -118.208417170447,
              34.0943229954787
            ],
            [
              -118.208418326956,
              34.0943231858348
            ],
            [
              -118.208419450367,
              34.0943233487693
            ],
            [
              -118.208420573709,
              34.0943234842251
            ],
            [
              -118.208421730081,
              34.0943236196239
            ],
            [
              -118.208422886384,
              34.0943237275442
            ],
            [
              -118.208424009658,
              34.0943238355214
            ],
            [
              -118.208425165893,
              34.094323915963
            ],
            [
              -118.20842632206,
              34.094323968926
            ],
            [
              -118.208427478226,
              34.0943240218891
            ],
            [
              -118.208428634324,
              34.0943240473734
            ],
            [
              -118.208429790422,
              34.0943240728578
            ],
            [
              -118.208430946452,
              34.0943240708636
            ],
            [
              -118.208432069383,
              34.0943240414477
            ],
            [
              -118.208433225344,
              34.0943240119749
            ],
            [
              -118.208434381237,
              34.0943239550234
            ],
            [
              -118.208435537061,
              34.0943238705933
            ],
            [
              -118.208436692885,
              34.0943237861633
            ],
            [
              -118.208437815679,
              34.0943237017902
            ],
            [
              -118.208438971366,
              34.0943235624029
            ],
            [
              -118.208440127053,
              34.0943234230156
            ],
            [
              -118.208441249711,
              34.0943232836853
            ],
            [
              -118.208442405329,
              34.0943231168193
            ],
            [
              -118.20844352785,
              34.0943229225318
            ],
            [
              -118.208444650371,
              34.0943227282442
            ],
            [
              -118.208445772823,
              34.0943225064781
            ],
            [
              -118.208446895206,
              34.0943222572333
            ],
            [
              -118.208447984561,
              34.0943220080455
            ],
            [
              -118.208449106944,
              34.0943217588007
            ],
            [
              -118.208450196161,
              34.0943214546556
            ],
            [
              -118.208451318476,
              34.0943211779323
            ],
            [
              -118.208452407625,
              34.0943208463086
            ],
            [
              -118.208453463744,
              34.094320514742
            ],
            [
              -118.208454552893,
              34.0943201831183
            ],
            [
              -118.208455608944,
              34.094319824073
            ],
            [
              -118.208456664926,
              34.0943194375491
            ],
            [
              -118.208457720908,
              34.0943190510252
            ],
            [
              -118.208458776822,
              34.0943186370227
            ],
            [
              -118.208459799638,
              34.0943181955986
            ],
            [
              -118.208460822522,
              34.0943177816531
            ],
            [
              -118.208461845269,
              34.0943173127504
            ],
            [
              -118.208462868017,
              34.0943168438476
            ],
            [
              -118.208463857734,
              34.0943163750018
            ],
            [
              -118.208464847384,
              34.0943158786774
            ],
            [
              -118.208465803935,
              34.0943153549314
            ],
            [
              -118.208466793516,
              34.0943148311285
            ],
            [
              -118.208467717038,
              34.0943143074395
            ],
            [
              -118.208468673521,
              34.0943137562149
            ],
            [
              -118.208469596906,
              34.0943131775686
            ],
            [
              -118.208470520291,
              34.0943125989224
            ],
            [
              -118.208471443607,
              34.0943119927976
            ],
            [
              -118.208472333894,
              34.0943113867297
            ],
            [
              -118.208473191152,
              34.0943107807188
            ],
            [
              -118.20847408137,
              34.0943101471723
            ],
            [
              -118.208474938559,
              34.0943095136829
            ],
            [
              -118.208475762651,
              34.0943088527718
            ],
            [
              -118.208476586742,
              34.0943081918607
            ],
            [
              -118.208477410764,
              34.094307503471
            ],
            [
              -118.208478201757,
              34.0943068151382
            ],
            [
              -118.208478992682,
              34.0943060993269
            ],
            [
              -118.208479750577,
              34.0943053835726
            ],
            [
              -118.208480508473,
              34.0943046678183
            ],
            [
              -118.20848123327,
              34.0943039246423
            ],
            [
              -118.208481958067,
              34.0943031814663
            ],
            [
              -118.208482682796,
              34.0943024108118
            ],
            [
              -118.208483374495,
              34.0943016402142
            ],
            [
              -118.208484033165,
              34.0943008696737
            ],
            [
              -118.208484691835,
              34.0943000991331
            ],
            [
              -118.208512615949,
              34.0942660322962
            ],
            [
              -118.208605674326,
              34.0941525494414
            ],
            [
              -118.208698765412,
              34.0940390389797
            ],
            [
              -118.208791823285,
              34.0939255559824
            ],
            [
              -118.208884880904,
              34.0938120729138
            ],
            [
              -118.208950014468,
              34.0937326292392
            ],
            [
              -118.208937022906,
              34.0936753311054
            ],
            [
              -118.20859597488,
              34.093481728309
            ]
          ]
        ]
      },
      "properties": {
        "OBJECTID": 3056,
        "Zoning": "[Q]C2-1VL-HPOZ",
        "CATEGORY": "Commercial",
        "Shape__Area": 39699.748046875,
        "Shape__Length": 832.5939851569553
      }
    },
    {
      "type": "Feature",
      "geometry": {
        "type": "Polygon",
        "coordinates": [
          [
            [
              -118.207925927931,
              34.0942988636994
            ],
            [
              -118.207832868536,
              34.0944123735099
            ],
            [
              -118.207739808821,
              34.0945258557705
            ],
            [
              -118.207727031942,
              34.094541403212
            ],
            [
              -118.207646584114,
              34.0946395031153
            ],
            [
              -118.207553491,
              34.0947530402473
            ],
            [
              -118.207460430595,
              34.0948665497728
            ],
            [
              -118.207367369869,
              34.0949800317484
            ],
            [
              -118.207424823656,
              34.0950126877588
            ],
            [
              -118.207694595753,
              34.0951660227061
            ],
            [
              -118.20769555498,
              34.0951665706315
            ],
            [
              -118.20769651414,
              34.0951670910784
            ],
            [
              -118.20769750626,
              34.0951675839899
            ],
            [
              -118.207698498381,
              34.0951680769013
            ],
            [
              -118.207699490502,
              34.0951685698128
            ],
            [
              -118.207700515585,
              34.0951690351888
            ],
            [
              -118.207701507569,
              34.095169473143
            ],
            [
              -118.207702565613,
              34.0951699109837
            ],
            [
              -118.207703590559,
              34.0951703214025
            ],
            [
              -118.207704648535,
              34.0951707317645
            ],
            [
              -118.207705673412,
              34.0951711147048
            ],
            [
              -118.20770676435,
              34.0951714975314
            ],
            [
              -118.207707822189,
              34.0951718529362
            ],
            [
              -118.20770891299,
              34.0951721808057
            ],
            [
              -118.207709970761,
              34.0951725087319
            ],
            [
              -118.207711061493,
              34.0951728091227
            ],
            [
              -118.207712185255,
              34.0951731094567
            ],
            [
              -118.20771327592,
              34.0951733823689
            ],
            [
              -118.207714399614,
              34.0951736552243
            ],
            [
              -118.20771549021,
              34.0951739006578
            ],
            [
              -118.207716613767,
              34.095174118556
            ],
            [
              -118.207717737325,
              34.0951743364542
            ],
            [
              -118.207718860814,
              34.0951745268738
            ],
            [
              -118.207720017333,
              34.0951747172366
            ],
            [
              -118.207721140754,
              34.0951748801775
            ],
            [
              -118.207722264175,
              34.0951750431184
            ],
            [
              -118.207723420489,
              34.0951751510454
            ],
            [
              -118.207724576872,
              34.0951752864509
            ],
            [
              -118.207725700088,
              34.095175366956
            ],
            [
              -118.207726096513,
              34.0951753937532
            ],
            [
              -118.20772801258,
              34.0951755278526
            ],
            [
              -118.207731480909,
              34.0951756043258
            ],
            [
              -118.207734915866,
              34.0951755434627
            ],
            [
              -118.207737227676,
              34.0951754295732
            ],
            [
              -118.207740662019,
              34.0951751214025
            ],
            [
              -118.207744096021,
              34.0951746758388
            ],
            [
              -118.207747463554,
              34.095174065517
            ],
            [
              -118.207749675318,
              34.0951735670972
            ],
            [
              -118.207753009275,
              34.0951727370032
            ],
            [
              -118.207756243733,
              34.0951717422079
            ],
            [
              -118.207758355793,
              34.0951709966509
            ],
            [
              -118.207761490616,
              34.0951697821971
            ],
            [
              -118.207764558969,
              34.0951684029852
            ],
            [
              -118.20776749493,
              34.095166914086
            ],
            [
              -118.207769441091,
              34.0951658665482
            ],
            [
              -118.207772211356,
              34.0951641581041
            ],
            [
              -118.20777491529,
              34.0951623398591
            ],
            [
              -118.207777453801,
              34.0951604119837
            ],
            [
              -118.20777989295,
              34.0951583743642
            ],
            [
              -118.207782199706,
              34.0951562270574
            ],
            [
              -118.207784374139,
              34.0951539975421
            ],
            [
              -118.207786416179,
              34.0951516583395
            ],
            [
              -118.20789995897,
              34.0950131901246
            ],
            [
              -118.207935325787,
              34.0949700701169
            ],
            [
              -118.208028682109,
              34.0948562299703
            ],
            [
              -118.208121741732,
              34.0947427200072
            ],
            [
              -118.20821480117,
              34.0946292374516
            ],
            [
              -118.208307860288,
              34.0945157273461
            ],
            [
              -118.207925927931,
              34.0942988636994
            ]
          ]
        ]
      },
      "properties": {
        "OBJECTID": 3057,
        "Zoning": "[Q]C2-1VL-HPOZ",
        "CATEGORY": "Commercial",
        "Shape__Area": 41930.5927734375,
        "Shape__Length": 871.6250074851426
      }
    },
    {
      "type": "Feature",
      "geometry": {
        "type": "Polygon",
        "coordinates": [
          [
            [
              -118.208992939262,
              34.0948771259588
            ],
            [
              -118.209132526707,
              34.0947068736126
            ],
            [
              -118.208735674055,
              34.0944816298561
            ],
            [
              -118.208596053149,
              34.0946518817994
            ],
            [
              -118.208456069512,
              34.0948226013455
            ],
            [
              -118.208363010254,
              34.0949361115663
            ],
            [
              -118.208316480496,
              34.0949928529108
            ],
            [
              -118.208299455761,
              34.0950136012142
            ],
            [
              -118.208214068675,
              34.0951177278513
            ],
            [
              -118.208213443094,
              34.0951185258121
            ],
            [
              -118.208212817513,
              34.0951193237729
            ],
            [
              -118.208212224962,
              34.0951201216768
            ],
            [
              -118.20821163248,
              34.0951209470593
            ],
            [
              -118.208211040065,
              34.0951217999204
            ],
            [
              -118.208210480613,
              34.095122625246
            ],
            [
              -118.208209954258,
              34.0951234779932
            ],
            [
              -118.208209427903,
              34.0951243307404
            ],
            [
              -118.208208934646,
              34.0951252109093
            ],
            [
              -118.208208441321,
              34.0951260635996
            ],
            [
              -118.208207981094,
              34.0951269437116
            ],
            [
              -118.208207520867,
              34.0951278238236
            ],
            [
              -118.208207093739,
              34.0951287313573
            ],
            [
              -118.208206699571,
              34.0951296113555
            ],
            [
              -118.208206305472,
              34.0951305188322
            ],
            [
              -118.208205944403,
              34.095131426252
            ],
            [
              -118.208205583333,
              34.0951323336719
            ],
            [
              -118.208205255362,
              34.0951332685134
            ],
            [
              -118.208204927322,
              34.0951341758763
            ],
            [
              -118.208204632381,
              34.0951351106609
            ],
            [
              -118.208204370469,
              34.0951360453886
            ],
            [
              -118.208204108557,
              34.0951369801163
            ],
            [
              -118.208203879675,
              34.095137914787
            ],
            [
              -118.208203650793,
              34.0951388494578
            ],
            [
              -118.208203455009,
              34.0951398115502
            ],
            [
              -118.208203292186,
              34.0951407461072
            ],
            [
              -118.208203129432,
              34.0951417081427
            ],
            [
              -118.208202999639,
              34.0951426426427
            ],
            [
              -118.208202869915,
              34.0951436046213
            ],
            [
              -118.20820277322,
              34.095144566543
            ],
            [
              -118.208202709555,
              34.0951455284077
            ],
            [
              -118.20820264589,
              34.0951464902725
            ],
            [
              -118.208202615187,
              34.0951474246018
            ],
            [
              -118.208202584551,
              34.0951483864097
            ],
            [
              -118.208202586946,
              34.0951493481606
            ],
            [
              -118.20820262237,
              34.0951503098547
            ],
            [
              -118.208202657794,
              34.0951512715487
            ],
            [
              -118.208202726248,
              34.0951522331858
            ],
            [
              -118.208202827732,
              34.0951531947661
            ],
            [
              -118.208202929215,
              34.0951541563462
            ],
            [
              -118.208203030631,
              34.0951550904478
            ],
            [
              -118.208203198174,
              34.0951560519142
            ],
            [
              -118.208203365649,
              34.095156985902
            ],
            [
              -118.208203533192,
              34.0951579473683
            ],
            [
              -118.208203733697,
              34.0951588812992
            ],
            [
              -118.208203967299,
              34.0951598426518
            ],
            [
              -118.208204200834,
              34.0951607765257
            ],
            [
              -118.208204467398,
              34.0951617103427
            ],
            [
              -118.208204766923,
              34.0951626166242
            ],
            [
              -118.208205066517,
              34.0951635503843
            ],
            [
              -118.20820536611,
              34.0951644841444
            ],
            [
              -118.208205731695,
              34.0951653903121
            ],
            [
              -118.208206064251,
              34.0951662965367
            ],
            [
              -118.208206462865,
              34.0951672026474
            ],
            [
              -118.20820686148,
              34.0951681087582
            ],
            [
              -118.208207260095,
              34.0951690148689
            ],
            [
              -118.2082077247,
              34.0951698933873
            ],
            [
              -118.208208156276,
              34.0951707719625
            ],
            [
              -118.208208620882,
              34.0951716504808
            ],
            [
              -118.208209118518,
              34.0951725289422
            ],
            [
              -118.208209649114,
              34.0951733798681
            ],
            [
              -118.208210179711,
              34.0951742307939
            ],
            [
              -118.208210710308,
              34.0951750817198
            ],
            [
              -118.208211273866,
              34.0951759051102
            ],
            [
              -118.208211837493,
              34.0951767559791
            ],
            [
              -118.208212434013,
              34.0951775518339
            ],
            [
              -118.208213063631,
              34.0951783751105
            ],
            [
              -118.20821369318,
              34.0951791709083
            ],
            [
              -118.208214355759,
              34.0951799666493
            ],
            [
              -118.208215018338,
              34.0951807623903
            ],
            [
              -118.208215680849,
              34.0951815306527
            ],
            [
              -118.208216376389,
              34.0951822988581
            ],
            [
              -118.208217104891,
              34.0951830395281
            ],
            [
              -118.208217833393,
              34.095183780198
            ],
            [
              -118.208218561895,
              34.0951845208679
            ],
            [
              -118.208219323358,
              34.0951852340024
            ],
            [
              -118.208220117851,
              34.0951859470798
            ],
            [
              -118.208220879315,
              34.0951866602142
            ],
            [
              -118.208221706769,
              34.0951873457562
            ],
            [
              -118.208222501125,
              34.0951880038764
            ],
            [
              -118.208223361609,
              34.0951886893614
            ],
            [
              -118.208224188927,
              34.0951893199462
            ],
            [
              -118.208225049343,
              34.0951899779526
            ],
            [
              -118.20822590969,
              34.0951906084804
            ],
            [
              -118.208226802999,
              34.0951912114726
            ],
            [
              -118.208227696307,
              34.0951918144649
            ],
            [
              -118.208228622577,
              34.0951923899216
            ],
            [
              -118.208229548847,
              34.0951929653784
            ],
            [
              -118.208230475118,
              34.0951935408351
            ],
            [
              -118.208231401251,
              34.0951940613346
            ],
            [
              -118.208573448025,
              34.0953883504263
            ],
            [
              -118.208852758017,
              34.0950479012657
            ],
            [
              -118.208880451915,
              34.0950141919644
            ],
            [
              -118.208880517975,
              34.0950141918502
            ],
            [
              -118.208992939262,
              34.0948771259588
            ]
          ]
        ]
      },
      "properties": {
        "OBJECTID": 3058,
        "Zoning": "[Q]C2-1VL-HPOZ",
        "CATEGORY": "Commercial",
        "Shape__Area": 43575.51953125,
        "Shape__Length": 882.7340524525433
      }
    },
    {
      "type": "Feature",
      "geometry": {
        "type": "Polygon",
        "coordinates": [
          [
            [
              -118.207255670322,
              34.0951162430447
            ],
            [
              -118.207162411473,
              34.0952299725108
            ],
            [
              -118.2070693829,
              34.0953434267231
            ],
            [
              -118.206976321044,
              34.0954568809208
            ],
            [
              -118.206883291966,
              34.0955703349907
            ],
            [
              -118.206790262636,
              34.0956837889895
            ],
            [
              -118.206697233052,
              34.0957972429171
            ],
            [
              -118.207038384876,
              34.0959907135261
            ],
            [
              -118.207107226105,
              34.0959799063256
            ],
            [
              -118.207172330084,
              34.0959004911384
            ],
            [
              -118.207265359138,
              34.0957870368447
            ],
            [
              -118.207358420969,
              34.0956735824231
            ],
            [
              -118.207451449585,
              34.0955601554655
            ],
            [
              -118.207544477881,
              34.0954467009581
            ],
            [
              -118.207637505925,
              34.0953332463797
            ],
            [
              -118.207405672223,
              34.0952014994136
            ],
            [
              -118.207255670322,
              34.0951162430447
            ]
          ]
        ]
      },
      "properties": {
        "OBJECTID": 3059,
        "Zoning": "[Q]C2-1VL-HPOZ",
        "CATEGORY": "Commercial",
        "Shape__Area": 41879.0966796875,
        "Shape__Length": 871.0966974641093
      }
    },
    {
      "type": "Feature",
      "geometry": {
        "type": "Polygon",
        "coordinates": [
          [
            [
              -118.207944207267,
              34.0954468380393
            ],
            [
              -118.207851113522,
              34.0955603204466
            ],
            [
              -118.207804583138,
              34.0956170890738
            ],
            [
              -118.207758052622,
              34.0956738302045
            ],
            [
              -118.207725319895,
              34.095713758101
            ],
            [
              -118.207664991401,
              34.0957873124125
            ],
            [
              -118.207564191195,
              34.0959102055649
            ],
            [
              -118.207563565602,
              34.0959110035223
            ],
            [
              -118.207562940077,
              34.0959118289584
            ],
            [
              -118.207562347515,
              34.0959126268591
            ],
            [
              -118.20756175502,
              34.0959134522384
            ],
            [
              -118.207561162594,
              34.0959143050963
            ],
            [
              -118.207560603129,
              34.0959151304189
            ],
            [
              -118.207560076763,
              34.0959159831634
            ],
            [
              -118.207559550396,
              34.0959168359078
            ],
            [
              -118.20755905706,
              34.0959176885954
            ],
            [
              -118.207558563792,
              34.0959185687618
            ],
            [
              -118.207558103553,
              34.0959194488713
            ],
            [
              -118.207557643315,
              34.0959203289808
            ],
            [
              -118.207557216175,
              34.0959212365122
            ],
            [
              -118.207556821997,
              34.0959221165083
            ],
            [
              -118.207556427887,
              34.0959230239829
            ],
            [
              -118.207556066808,
              34.0959239314009
            ],
            [
              -118.207555705728,
              34.0959248388188
            ],
            [
              -118.207555377746,
              34.0959257736586
            ],
            [
              -118.207555049696,
              34.0959266810198
            ],
            [
              -118.207554754745,
              34.0959276158028
            ],
            [
              -118.207554492823,
              34.0959285505291
            ],
            [
              -118.207554230902,
              34.0959294852553
            ],
            [
              -118.20755400201,
              34.0959304199249
            ],
            [
              -118.207553773119,
              34.0959313545945
            ],
            [
              -118.207553577325,
              34.0959323166859
            ],
            [
              -118.207553414494,
              34.095933251242
            ],
            [
              -118.207553251731,
              34.0959342132766
            ],
            [
              -118.207553121929,
              34.095935147776
            ],
            [
              -118.207552992196,
              34.0959361097539
            ],
            [
              -118.207552895493,
              34.0959370716751
            ],
            [
              -118.20755283182,
              34.0959380335396
            ],
            [
              -118.207552768079,
              34.0959389679255
            ],
            [
              -118.207552737436,
              34.0959399297332
            ],
            [
              -118.207552706793,
              34.0959408915409
            ],
            [
              -118.20755270918,
              34.0959418532919
            ],
            [
              -118.207552744597,
              34.0959428149861
            ],
            [
              -118.207552780014,
              34.0959437766804
            ],
            [
              -118.207552848461,
              34.0959447383179
            ],
            [
              -118.207552949938,
              34.0959456998987
            ],
            [
              -118.207553051347,
              34.0959466340009
            ],
            [
              -118.207553152824,
              34.0959475955817
            ],
            [
              -118.207553320362,
              34.0959485570489
            ],
            [
              -118.207553487831,
              34.0959494910376
            ],
            [
              -118.207553655368,
              34.0959504525049
            ],
            [
              -118.207553855867,
              34.0959513864369
            ],
            [
              -118.207554089396,
              34.0959523203121
            ],
            [
              -118.207554322994,
              34.0959532816659
            ],
            [
              -118.207554589553,
              34.0959542154844
            ],
            [
              -118.207554889074,
              34.0959551217675
            ],
            [
              -118.207555188664,
              34.0959560555293
            ],
            [
              -118.207555488253,
              34.095956989291
            ],
            [
              -118.207555853834,
              34.0959578954607
            ],
            [
              -118.207556219416,
              34.0959588016303
            ],
            [
              -118.207556584997,
              34.0959597078
            ],
            [
              -118.207556983608,
              34.0959606139129
            ],
            [
              -118.20755738222,
              34.0959615200259
            ],
            [
              -118.207557846823,
              34.0959623985467
            ],
            [
              -118.207558278396,
              34.0959632771243
            ],
            [
              -118.20755877603,
              34.0959641555884
            ],
            [
              -118.207559240565,
              34.0959650066306
            ],
            [
              -118.207559771228,
              34.095965885038
            ],
            [
              -118.207560301824,
              34.0959667359667
            ],
            [
              -118.207560832419,
              34.0959675868955
            ],
            [
              -118.207561395976,
              34.0959684102889
            ],
            [
              -118.207561959533,
              34.0959692336823
            ],
            [
              -118.207562556121,
              34.0959700570189
            ],
            [
              -118.207563185738,
              34.0959708802989
            ],
            [
              -118.207563815287,
              34.0959716761002
            ],
            [
              -118.207564477866,
              34.0959724718448
            ],
            [
              -118.207565140446,
              34.0959732675893
            ],
            [
              -118.207565802957,
              34.0959740358553
            ],
            [
              -118.207566498498,
              34.0959748040645
            ],
            [
              -118.207567227001,
              34.0959755447383
            ],
            [
              -118.207567955504,
              34.0959762854122
            ],
            [
              -118.207568684007,
              34.0959770260861
            ],
            [
              -118.207569445472,
              34.0959777392246
            ],
            [
              -118.207570239967,
              34.0959784523064
            ],
            [
              -118.207571001432,
              34.0959791654449
            ],
            [
              -118.207571828889,
              34.0959798509913
            ],
            [
              -118.207572623247,
              34.0959805091159
            ],
            [
              -118.207573483734,
              34.0959811946055
            ],
            [
              -118.207574311055,
              34.0959818251947
            ],
            [
              -118.207575171474,
              34.0959824832058
            ],
            [
              -118.207576064854,
              34.0959831136814
            ],
            [
              -118.207576925137,
              34.0959837167353
            ],
            [
              -118.207577818449,
              34.0959843197324
            ],
            [
              -118.207578744723,
              34.0959848951941
            ],
            [
              -118.207579670998,
              34.0959854706558
            ],
            [
              -118.207580597272,
              34.0959860461176
            ],
            [
              -118.20758152341,
              34.0959865666221
            ],
            [
              -118.207724779508,
              34.0960679871694
            ],
            [
              -118.20793610838,
              34.0961880903665
            ],
            [
              -118.2080741524,
              34.0960197104516
            ],
            [
              -118.208167213325,
              34.0959062279275
            ],
            [
              -118.208213743624,
              34.0958494591602
            ],
            [
              -118.208260273928,
              34.0957927178536
            ],
            [
              -118.208353334278,
              34.0956792077084
            ],
            [
              -118.208492924433,
              34.0955089835751
            ],
            [
              -118.208083797799,
              34.0952765869014
            ],
            [
              -118.207944207267,
              34.0954468380393
            ]
          ]
        ]
      },
      "properties": {
        "OBJECTID": 3060,
        "Zoning": "[Q]C2-1VL-HPOZ",
        "CATEGORY": "Commercial",
        "Shape__Area": 44782.4736328125,
        "Shape__Length": 889.7007543969861
      }
    },
    {
      "type": "Feature",
      "geometry": {
        "type": "Polygon",
        "coordinates": [
          [
            [
              -118.206585564284,
              34.0959334260627
            ],
            [
              -118.206492336508,
              34.0960471000011
            ],
            [
              -118.206399306116,
              34.0961605537007
            ],
            [
              -118.206306242442,
              34.0962740073855
            ],
            [
              -118.206311534661,
              34.0962769935293
            ],
            [
              -118.206237076978,
              34.0963677729276
            ],
            [
              -118.206199831662,
              34.0964132038557
            ],
            [
              -118.206162652095,
              34.0964585247453
            ],
            [
              -118.206088194089,
              34.0965493040524
            ],
            [
              -118.206013538415,
              34.0966403584378
            ],
            [
              -118.206259860808,
              34.0967800247019
            ],
            [
              -118.206390381888,
              34.0968540218399
            ],
            [
              -118.206465070372,
              34.0967629671645
            ],
            [
              -118.206539495198,
              34.0966722151596
            ],
            [
              -118.206613952824,
              34.096581435574
            ],
            [
              -118.206688377258,
              34.0964906559993
            ],
            [
              -118.206781407625,
              34.0963772020758
            ],
            [
              -118.206874437739,
              34.0962637480812
            ],
            [
              -118.206967632343,
              34.0961501288608
            ],
            [
              -118.20674929334,
              34.0960262988624
            ],
            [
              -118.206722005139,
              34.0960108200778
            ],
            [
              -118.206585564284,
              34.0959334260627
            ]
          ]
        ]
      },
      "properties": {
        "OBJECTID": 3061,
        "Zoning": "[Q]C2-1VL-HPOZ",
        "CATEGORY": "Commercial",
        "Shape__Area": 43106.060546875,
        "Shape__Length": 900.2227566157696
      }
    },
    {
      "type": "Feature",
      "geometry": {
        "type": "Polygon",
        "coordinates": [
          [
            [
              -118.208136372351,
              34.097157387076
            ],
            [
              -118.208181058731,
              34.0971159271424
            ],
            [
              -118.208190417848,
              34.0971072552205
            ],
            [
              -118.20822507604336,
              34.097073962173745
            ],
            [
              -118.208243404389,
              34.0970563557617
            ],
            [
              -118.208295299012,
              34.0970047162367
            ],
            [
              -118.20831823726986,
              34.09698105355062
            ],
            [
              -118.208346101649,
              34.0969523091682
            ],
            [
              -118.20836787394242,
              34.09692904386248
            ],
            [
              -118.208395812437,
              34.0968991895148
            ],
            [
              -118.208444398348,
              34.0968453573348
            ],
            [
              -118.20848945189087,
              34.096793543438146
            ],
            [
              -118.208491826351,
              34.0967908126866
            ],
            [
              -118.208537602636,
              34.096736215913
            ],
            [
              -118.208202562569,
              34.096545816606
            ],
            [
              -118.208006778702,
              34.096434562737
            ],
            [
              -118.207929808201,
              34.0963908117066
            ],
            [
              -118.207724465821,
              34.0962741330447
            ],
            [
              -118.207657054912,
              34.0962358336709
            ],
            [
              -118.207586534728,
              34.0961957260063
            ],
            [
              -118.207520678612,
              34.0961583306832
            ],
            [
              -118.207466134742,
              34.0961273184422
            ],
            [
              -118.20741159098,
              34.0960963336553
            ],
            [
              -118.207309209418,
              34.0962211802984
            ],
            [
              -118.207283688076,
              34.0962523025128
            ],
            [
              -118.207178902142,
              34.0963800659142
            ],
            [
              -118.207160296223,
              34.0964027677572
            ],
            [
              -118.207085839349,
              34.0964935476789
            ],
            [
              -118.206853181398,
              34.0967773067364
            ],
            [
              -118.207453200981,
              34.0971182781571
            ],
            [
              -118.207722979854,
              34.0972715855737
            ],
            [
              -118.207889127854,
              34.0973659914896
            ],
            [
              -118.207909962963,
              34.0973497706753
            ],
            [
              -118.207968079615,
              34.0973029018816
            ],
            [
              -118.208025203234,
              34.097255210408
            ],
            [
              -118.20808130079,
              34.0972066963127
            ],
            [
              -118.208136372351,
              34.097157387076
            ]
          ]
        ]
      },
      "properties": {
        "OBJECTID": 3062,
        "Zoning": "[Q]C2-1VL-HPOZ",
        "CATEGORY": "Commercial",
        "Shape__Area": 120531.328125,
        "Shape__Length": 1395.019412843086
      }
    },
    {
      "type": "Feature",
      "geometry": {
        "type": "Polygon",
        "coordinates": [
          [
            [
              -118.188088451964,
              34.1173397961543
            ],
            [
              -118.187946311963,
              34.1174098132408
            ],
            [
              -118.187869780042,
              34.1174475231267
            ],
            [
              -118.18754137501,
              34.117609278331
            ],
            [
              -118.187552472788,
              34.1176372894089
            ],
            [
              -118.187869342214,
              34.1176937606619
            ],
            [
              -118.187956467335,
              34.1177092880717
            ],
            [
              -118.188189352041,
              34.1177508032481
            ],
            [
              -118.188409346623,
              34.1177900023799
            ],
            [
              -118.188629308372,
              34.1178292011628
            ],
            [
              -118.188849303428,
              34.1178684269724
            ],
            [
              -118.189069265589,
              34.1179076249547
            ],
            [
              -118.189289261058,
              34.1179468499635
            ],
            [
              -118.18940891005,
              34.117968150874
            ],
            [
              -118.189473726011,
              34.1179362014342
            ],
            [
              -118.189470345347,
              34.1179314803932
            ],
            [
              -118.189612484896,
              34.1178614340348
            ],
            [
              -118.189278193296,
              34.1173924290472
            ],
            [
              -118.189136054201,
              34.117462447533
            ],
            [
              -118.188993914869,
              34.1175324658517
            ],
            [
              -118.188851775299,
              34.1176024840034
            ],
            [
              -118.188709668529,
              34.1176725019365
            ],
            [
              -118.188626212724,
              34.1175554079737
            ],
            [
              -118.188484072807,
              34.117625425693
            ],
            [
              -118.188341932651,
              34.1176954432453
            ],
            [
              -118.188214794369,
              34.11751708455
            ],
            [
              -118.188088451964,
              34.1173397961543
            ]
          ]
        ]
      },
      "properties": {
        "OBJECTID": 3633,
        "Zoning": "[Q]C2-1XL",
        "CATEGORY": "Commercial",
        "Shape__Area": 60687.2373046875,
        "Shape__Length": 1551.0605414373588
      }
    },
    {
      "type": "Feature",
      "geometry": {
        "type": "Polygon",
        "coordinates": [
          [
            [
              -118.190280397036,
              34.1177303000277
            ],
            [
              -118.1901257506,
              34.1178065220829
            ],
            [
              -118.189694745529,
              34.1180189229236
            ],
            [
              -118.190055015171,
              34.1180829594105
            ],
            [
              -118.190184249623,
              34.1181059206825
            ],
            [
              -118.190313484209,
              34.118128909295
            ],
            [
              -118.190442718804,
              34.1181518702907
            ],
            [
              -118.190571953532,
              34.1181748586268
            ],
            [
              -118.190653328452,
              34.1181893214908
            ],
            [
              -118.190712131604,
              34.1181576281796
            ],
            [
              -118.190798488754,
              34.117821729317
            ],
            [
              -118.190669254572,
              34.1177987687019
            ],
            [
              -118.190540020398,
              34.11777578047
            ],
            [
              -118.190410786358,
              34.1177528195786
            ],
            [
              -118.190281387071,
              34.1177298038519
            ],
            [
              -118.190280397036,
              34.1177303000277
            ]
          ]
        ]
      },
      "properties": {
        "OBJECTID": 3634,
        "Zoning": "[Q]C2-1XL",
        "CATEGORY": "Commercial",
        "Shape__Area": 32908.169921875,
        "Shape__Length": 809.3451414558533
      }
    },
    {
      "type": "Feature",
      "geometry": {
        "type": "Polygon",
        "coordinates": [
          [
            [
              -118.190947442884,
              34.1180308544927
            ],
            [
              -118.190895635489,
              34.1182323828805
            ],
            [
              -118.191024936544,
              34.118255370628
            ],
            [
              -118.19115423767,
              34.1182783582371
            ],
            [
              -118.191283538868,
              34.1183013457078
            ],
            [
              -118.191393438308,
              34.1183208739683
            ],
            [
              -118.191412807097,
              34.1183243330926
            ],
            [
              -118.191542108374,
              34.1183472928082
            ],
            [
              -118.191671409784,
              34.1183702798641
            ],
            [
              -118.191800711266,
              34.1183932667816
            ],
            [
              -118.191930012819,
              34.1184162535608
            ],
            [
              -118.192059281404,
              34.1184392402542
            ],
            [
              -118.192188583099,
              34.1184622267568
            ],
            [
              -118.192285447506,
              34.1180860537748
            ],
            [
              -118.192156146366,
              34.1180630673761
            ],
            [
              -118.192026845297,
              34.118040080839
            ],
            [
              -118.191897577401,
              34.1180171215899
            ],
            [
              -118.191768276475,
              34.1179941347762
            ],
            [
              -118.19163897562,
              34.1179711478242
            ],
            [
              -118.191509674835,
              34.1179481607339
            ],
            [
              -118.19149030613,
              34.1179447016251
            ],
            [
              -118.191380374122,
              34.1179251735053
            ],
            [
              -118.191251106519,
              34.1179021860861
            ],
            [
              -118.191121805948,
              34.1178791985808
            ],
            [
              -118.19099237323,
              34.1178561836675
            ],
            [
              -118.190947442884,
              34.1180308544927
            ]
          ]
        ]
      },
      "properties": {
        "OBJECTID": 3635,
        "Zoning": "[Q]C2-1XL",
        "CATEGORY": "Commercial",
        "Shape__Area": 56027.20703125,
        "Shape__Length": 1080.4022843666235
      }
    },
    {
      "type": "Feature",
      "geometry": {
        "type": "Polygon",
        "coordinates": [
          [
            [
              -118.189090175332,
              34.1184171852171
            ],
            [
              -118.189134812977,
              34.1182427628535
            ],
            [
              -118.189096244037,
              34.1181934439336
            ],
            [
              -118.188822174557,
              34.1181446030756
            ],
            [
              -118.188499088941,
              34.118087017384
            ],
            [
              -118.18833756282,
              34.1180582241886
            ],
            [
              -118.188235115538,
              34.1180399764797
            ],
            [
              -118.188176036883,
              34.1180294634082
            ],
            [
              -118.188174669563,
              34.1180348187363
            ],
            [
              -118.188013143665,
              34.1180060302596
            ],
            [
              -118.187868850431,
              34.1179803130075
            ],
            [
              -118.187851601352,
              34.1179772381579
            ],
            [
              -118.187528554244,
              34.1179196601187
            ],
            [
              -118.187392407691,
              34.1184514025777
            ],
            [
              -118.187554065354,
              34.1184797296948
            ],
            [
              -118.187715723127,
              34.1185080565957
            ],
            [
              -118.187867895114,
              34.1185347493024
            ],
            [
              -118.187877348032,
              34.1185364108104
            ],
            [
              -118.188038449368,
              34.1185669639218
            ],
            [
              -118.188199976369,
              34.1185957575174
            ],
            [
              -118.18836150342,
              34.1186245234185
            ],
            [
              -118.188523030644,
              34.1186533165823
            ],
            [
              -118.188684557979,
              34.1186821095303
            ],
            [
              -118.188712068257,
              34.1185746247591
            ],
            [
              -118.188739611442,
              34.1184671124517
            ],
            [
              -118.188767121518,
              34.1183596001899
            ],
            [
              -118.189090175332,
              34.1184171852171
            ]
          ]
        ]
      },
      "properties": {
        "OBJECTID": 3636,
        "Zoning": "[Q]C2-1XL",
        "CATEGORY": "Commercial",
        "Shape__Area": 87407.8623046875,
        "Shape__Length": 1391.0076336683117
      }
    },
    {
      "type": "Feature",
      "geometry": {
        "type": "Polygon",
        "coordinates": [
          [
            [
              -118.192382436594,
              34.1184966789305
            ],
            [
              -118.19251154017,
              34.1185196379245
            ],
            [
              -118.192640643753,
              34.1185425693021
            ],
            [
              -118.192769714431,
              34.118565528073
            ],
            [
              -118.192898818156,
              34.1185884591747
            ],
            [
              -118.193027888976,
              34.1186114176699
            ],
            [
              -118.193156992842,
              34.1186343484959
            ],
            [
              -118.193286063741,
              34.1186572792368
            ],
            [
              -118.193415167812,
              34.1186802372657
            ],
            [
              -118.193544271891,
              34.1187031676781
            ],
            [
              -118.193673343066,
              34.118726125484
            ],
            [
              -118.193738928991,
              34.1184708528915
            ],
            [
              -118.193769969761,
              34.1183499242015
            ],
            [
              -118.193641097502,
              34.1183270211385
            ],
            [
              -118.193512026953,
              34.1183040632984
            ],
            [
              -118.193382923499,
              34.1182811328519
            ],
            [
              -118.193253853091,
              34.1182581747361
            ],
            [
              -118.193124749779,
              34.1182352440137
            ],
            [
              -118.192995679513,
              34.1182122856222
            ],
            [
              -118.192866576343,
              34.1181893546241
            ],
            [
              -118.19273747318,
              34.1181663960096
            ],
            [
              -118.19260840319,
              34.1181434646831
            ],
            [
              -118.192479300169,
              34.1181205057928
            ],
            [
              -118.192382436594,
              34.1184966789305
            ]
          ]
        ]
      },
      "properties": {
        "OBJECTID": 3637,
        "Zoning": "[Q]C2-1XL",
        "CATEGORY": "Commercial",
        "Shape__Area": 55930.759765625,
        "Shape__Length": 1079.0130516645268
      }
    },
    {
      "type": "Feature",
      "geometry": {
        "type": "Polygon",
        "coordinates": [
          [
            [
              -118.196497226973,
              34.1187787230929
            ],
            [
              -118.196626464271,
              34.1188016774765
            ],
            [
              -118.19675530504,
              34.1188245774101
            ],
            [
              -118.19684087909,
              34.118488840333
            ],
            [
              -118.196841075641,
              34.1184881255659
            ],
            [
              -118.196841206115,
              34.1184874109064
            ],
            [
              -118.196841369692,
              34.1184867236717
            ],
            [
              -118.196841500166,
              34.1184860090123
            ],
            [
              -118.196841597601,
              34.1184852944066
            ],
            [
              -118.196841695036,
              34.1184845798009
            ],
            [
              -118.19684179247,
              34.1184838651953
            ],
            [
              -118.196841856866,
              34.1184831506433
            ],
            [
              -118.196841888158,
              34.1184824086667
            ],
            [
              -118.196841952554,
              34.1184816941148
            ],
            [
              -118.196841950872,
              34.1184809796706
            ],
            [
              -118.196841982229,
              34.1184802651725
            ],
            [
              -118.196841947508,
              34.118479550782
            ],
            [
              -118.196841945825,
              34.1184788363378
            ],
            [
              -118.19684191104,
              34.1184780944688
            ],
            [
              -118.19684184328,
              34.1184773801321
            ],
            [
              -118.196841775519,
              34.1184766657955
            ],
            [
              -118.196841707759,
              34.1184759514589
            ],
            [
              -118.19684160696,
              34.118475237176
            ],
            [
              -118.196841473122,
              34.118474522947
            ],
            [
              -118.196841339284,
              34.118473808718
            ],
            [
              -118.196841205446,
              34.118473094489
            ],
            [
              -118.196841038634,
              34.1184724077924
            ],
            [
              -118.196840871757,
              34.1184716936172
            ],
            [
              -118.19684070488,
              34.118470979442
            ],
            [
              -118.196840505029,
              34.1184702927993
            ],
            [
              -118.196840272139,
              34.1184696062103
            ],
            [
              -118.196840039184,
              34.1184688921427
            ],
            [
              -118.196839806294,
              34.1184682055538
            ],
            [
              -118.196839540365,
              34.1184675190186
            ],
            [
              -118.196839274435,
              34.1184668324835
            ],
            [
              -118.196838975532,
              34.1184661734807
            ],
            [
              -118.196838676564,
              34.1184654869994
            ],
            [
              -118.196838344622,
              34.1184648280505
            ],
            [
              -118.196838012679,
              34.1184641691015
            ],
            [
              -118.196837680737,
              34.1184635101527
            ],
            [
              -118.196837315756,
              34.1184628512575
            ],
            [
              -118.196836950774,
              34.1184621923624
            ],
            [
              -118.196836552819,
              34.1184615609998
            ],
            [
              -118.196836154799,
              34.1184609021585
            ],
            [
              -118.196835756843,
              34.1184602707958
            ],
            [
              -118.196835325913,
              34.1184596669655
            ],
            [
              -118.19683486188,
              34.1184590357105
            ],
            [
              -118.19683443095,
              34.1184584318802
            ],
            [
              -118.196833966982,
              34.1184578281038
            ],
            [
              -118.196833469974,
              34.1184572243812
            ],
            [
              -118.196833006005,
              34.1184566206047
            ],
            [
              -118.196832476023,
              34.1184560444146
            ],
            [
              -118.19683197908,
              34.1184554681705
            ],
            [
              -118.196831449098,
              34.1184548919803
            ],
            [
              -118.196830919117,
              34.1184543157901
            ],
            [
              -118.19683035616,
              34.1184537671323
            ],
            [
              -118.196829793204,
              34.1184532184745
            ],
            [
              -118.196829230313,
              34.1184526972954
            ],
            [
              -118.196828634318,
              34.1184521486914
            ],
            [
              -118.196828038387,
              34.118451627566
            ],
            [
              -118.196827442522,
              34.1184511339193
            ],
            [
              -118.196826813553,
              34.1184506128477
            ],
            [
              -118.196826184648,
              34.1184501192547
            ],
            [
              -118.196825555808,
              34.1184496531404
            ],
            [
              -118.196824893865,
              34.1184491596013
            ],
            [
              -118.196824231986,
              34.1184486935408
            ],
            [
              -118.196823570107,
              34.1184482274803
            ],
            [
              -118.196822908293,
              34.1184477888984
            ],
            [
              -118.19682221344,
              34.1184473503703
            ],
            [
              -118.196821518651,
              34.1184469393208
            ],
            [
              -118.196820823798,
              34.1184465007927
            ],
            [
              -118.196820095971,
              34.118446089797
            ],
            [
              -118.196819368208,
              34.1184457062799
            ],
            [
              -118.196818640446,
              34.1184453227628
            ],
            [
              -118.196817912683,
              34.1184449392457
            ],
            [
              -118.196817184985,
              34.1184445832073
            ],
            [
              -118.196816424248,
              34.1184442272227
            ],
            [
              -118.196815663511,
              34.118443871238
            ],
            [
              -118.196814902839,
              34.118443542732
            ],
            [
              -118.196814109193,
              34.1184432417584
            ],
            [
              -118.196813348521,
              34.1184429132523
            ],
            [
              -118.196812554874,
              34.1184426122787
            ],
            [
              -118.196811761293,
              34.1184423387837
            ],
            [
              -118.196810967711,
              34.1184420652887
            ],
            [
              -118.19681014109,
              34.1184417918475
            ],
            [
              -118.196809347573,
              34.1184415458311
            ],
            [
              -118.196808521017,
              34.1184412998685
            ],
            [
              -118.196807694526,
              34.1184410813845
            ],
            [
              -118.196806868035,
              34.1184408629005
            ],
            [
              -118.196806041544,
              34.1184406444165
            ],
            [
              -118.196805215117,
              34.1184404534111
            ],
            [
              -118.196804388755,
              34.1184402898844
            ],
            [
              -118.196803529354,
              34.1184401264114
            ],
            [
              -118.196802769135,
              34.1184399902557
            ],
            [
              -118.196722318322,
              34.1184256674195
            ],
            [
              -118.196593081515,
              34.1184026856601
            ],
            [
              -118.196463844843,
              34.1183797312409
            ],
            [
              -118.196334608178,
              34.1183567492051
            ],
            [
              -118.196205371584,
              34.1183337670311
            ],
            [
              -118.196076102087,
              34.1183108122511
            ],
            [
              -118.195946865635,
              34.1182878298006
            ],
            [
              -118.195817629255,
              34.118264847212
            ],
            [
              -118.195688392945,
              34.1182418644852
            ],
            [
              -118.195608207017,
              34.1182276229154
            ],
            [
              -118.195607380723,
              34.1182274868591
            ],
            [
              -118.195606521391,
              34.1182273508563
            ],
            [
              -118.19560566206,
              34.1182272148534
            ],
            [
              -118.195604802792,
              34.1182271063292
            ],
            [
              -118.195603943588,
              34.1182270252835
            ],
            [
              -118.195603084385,
              34.1182269442379
            ],
            [
              -118.195602225182,
              34.1182268631923
            ],
            [
              -118.195601366043,
              34.1182268096253
            ],
            [
              -118.195600506903,
              34.1182267560583
            ],
            [
              -118.195599647829,
              34.1182267299699
            ],
            [
              -118.195598788754,
              34.1182267038815
            ],
            [
              -118.195597929743,
              34.1182267052717
            ],
            [
              -118.195597070733,
              34.1182267066619
            ],
            [
              -118.195596178748,
              34.1182267355842
            ],
            [
              -118.195595319802,
              34.1182267644531
            ],
            [
              -118.195594460855,
              34.1182267933219
            ],
            [
              -118.195593601973,
              34.1182268496693
            ],
            [
              -118.195592743156,
              34.1182269334954
            ],
            [
              -118.195591884338,
              34.1182270173214
            ],
            [
              -118.19559102552,
              34.1182271011475
            ],
            [
              -118.195590166767,
              34.1182272124521
            ],
            [
              -118.195589308014,
              34.1182273237569
            ],
            [
              -118.195588449325,
              34.1182274625401
            ],
            [
              -118.195587623674,
              34.1182276012699
            ],
            [
              -118.19558676505,
              34.1182277675318
            ],
            [
              -118.195585939464,
              34.1182279337402
            ],
            [
              -118.195585080839,
              34.1182281000021
            ],
            [
              -118.195584255317,
              34.1182282936891
            ],
            [
              -118.195583429795,
              34.1182284873761
            ],
            [
              -118.195582604338,
              34.1182287085418
            ],
            [
              -118.195581778881,
              34.1182289297075
            ],
            [
              -118.195580953487,
              34.1182291783517
            ],
            [
              -118.195580161133,
              34.1182294269425
            ],
            [
              -118.195579335804,
              34.1182297030654
            ],
            [
              -118.195578543514,
              34.1182299791348
            ],
            [
              -118.195577751224,
              34.1182302552042
            ],
            [
              -118.195576958999,
              34.1182305587522
            ],
            [
              -118.195576199812,
              34.1182308622468
            ],
            [
              -118.19557540765,
              34.1182311932734
            ],
            [
              -118.195574648528,
              34.1182315242466
            ],
            [
              -118.195573889405,
              34.1182318552197
            ],
            [
              -118.195573130347,
              34.1182322136715
            ],
            [
              -118.195572371289,
              34.1182325721233
            ],
            [
              -118.195571645334,
              34.1182329580002
            ],
            [
              -118.195570919378,
              34.1182333438772
            ],
            [
              -118.195570193423,
              34.1182337297541
            ],
            [
              -118.195569467532,
              34.1182341431097
            ],
            [
              -118.19556877468,
              34.1182345564117
            ],
            [
              -118.195568081828,
              34.1182349697138
            ],
            [
              -118.19556738904,
              34.1182354104945
            ],
            [
              -118.195566729291,
              34.1182358512218
            ],
            [
              -118.195566036568,
              34.1182363194811
            ],
            [
              -118.195565376883,
              34.1182367876869
            ],
            [
              -118.195564750237,
              34.1182372558393
            ],
            [
              -118.195564090617,
              34.1182377515238
            ],
            [
              -118.195563464036,
              34.1182382471548
            ],
            [
              -118.195562870493,
              34.1182387427323
            ],
            [
              -118.195562243976,
              34.118239265842
            ],
            [
              -118.195561650497,
              34.1182397888982
            ],
            [
              -118.195561057019,
              34.1182403119543
            ],
            [
              -118.195560496644,
              34.1182408624357
            ],
            [
              -118.195559936204,
              34.1182413854383
            ],
            [
              -118.195559375893,
              34.1182419633982
            ],
            [
              -118.195558848557,
              34.1182425138261
            ],
            [
              -118.195558321284,
              34.1182430917326
            ],
            [
              -118.195557794012,
              34.1182436696391
            ],
            [
              -118.195557299779,
              34.1182442474921
            ],
            [
              -118.195556805546,
              34.1182448253452
            ],
            [
              -118.195556344416,
              34.1182454306233
            ],
            [
              -118.195555850246,
              34.1182460359549
            ],
            [
              -118.195555422219,
              34.1182466686583
            ],
            [
              -118.195554961089,
              34.1182472739365
            ],
            [
              -118.195554533062,
              34.1182479066398
            ],
            [
              -118.195554138074,
              34.1182485392897
            ],
            [
              -118.195553743086,
              34.1182491719396
            ],
            [
              -118.195553348098,
              34.1182498045895
            ],
            [
              -118.195552986213,
              34.1182504646645
            ],
            [
              -118.195552624328,
              34.1182511247395
            ],
            [
              -118.195552262443,
              34.1182517848146
            ],
            [
              -118.195551933596,
              34.1182524448362
            ],
            [
              -118.19555160475,
              34.1182531048578
            ],
            [
              -118.195551309007,
              34.1182537923045
            ],
            [
              -118.1955510132,
              34.1182544522726
            ],
            [
              -118.195550750496,
              34.1182551396659
            ],
            [
              -118.195550487792,
              34.1182558270593
            ],
            [
              -118.195550225087,
              34.1182565144525
            ],
            [
              -118.195549995422,
              34.1182572017924
            ],
            [
              -118.19554979886,
              34.1182579165574
            ],
            [
              -118.195549602234,
              34.1182586038438
            ],
            [
              -118.195549405736,
              34.1182593460874
            ],
            [
              -118.195504682927,
              34.1184340182879
            ],
            [
              -118.195456686096,
              34.1186215558128
            ],
            [
              -118.195585757606,
              34.1186444840977
            ],
            [
              -118.195592534583,
              34.1186179286774
            ],
            [
              -118.195721771448,
              34.118640911507
            ],
            [
              -118.19571499451,
              34.1186674669345
            ],
            [
              -118.19584423142,
              34.1186904221546
            ],
            [
              -118.195973468466,
              34.118713404715
            ],
            [
              -118.195980245326,
              34.1186868492729
            ],
            [
              -118.196109482339,
              34.1187098042093
            ],
            [
              -118.196102738558,
              34.118736359605
            ],
            [
              -118.196231975746,
              34.1187593418891
            ],
            [
              -118.19636121294,
              34.1187822965563
            ],
            [
              -118.196367989682,
              34.1187557410925
            ],
            [
              -118.196497226973,
              34.1187787230929
            ]
          ]
        ]
      },
      "properties": {
        "OBJECTID": 3638,
        "Zoning": "[Q]C2-1XL",
        "CATEGORY": "Commercial",
        "Shape__Area": 57801.37109375,
        "Shape__Length": 1125.7238368906103
      }
    },
    {
      "type": "Feature",
      "geometry": {
        "type": "Polygon",
        "coordinates": [
          [
            [
              -118.189328730285,
              34.1182769999926
            ],
            [
              -118.189242730251,
              34.118612924719
            ],
            [
              -118.189372064479,
              34.1186359141832
            ],
            [
              -118.189501398778,
              34.1186589035092
            ],
            [
              -118.18963070011,
              34.1186818927485
            ],
            [
              -118.189760034551,
              34.1187048817977
            ],
            [
              -118.189889369064,
              34.1187278707085
            ],
            [
              -118.190018670609,
              34.1187508595328
            ],
            [
              -118.190148005264,
              34.1187738481668
            ],
            [
              -118.19027733999,
              34.1187968366624
            ],
            [
              -118.190406674787,
              34.1188198250197
            ],
            [
              -118.190535976616,
              34.1188428132906
            ],
            [
              -118.190559457528,
              34.1187514644598
            ],
            [
              -118.190632716744,
              34.1184666418377
            ],
            [
              -118.190502985776,
              34.1184435719116
            ],
            [
              -118.190373651534,
              34.1184205836577
            ],
            [
              -118.190244317364,
              34.1183975952653
            ],
            [
              -118.190114983265,
              34.1183746067346
            ],
            [
              -118.189985682275,
              34.1183516180136
            ],
            [
              -118.189856348318,
              34.1183286292061
            ],
            [
              -118.189727014432,
              34.1183056402603
            ],
            [
              -118.189597713656,
              34.1182826511242
            ],
            [
              -118.189468379913,
              34.1182596619016
            ],
            [
              -118.1893875009,
              34.1182452798991
            ],
            [
              -118.189328730285,
              34.1182769999926
            ]
          ]
        ]
      },
      "properties": {
        "OBJECTID": 3639,
        "Zoning": "[Q]C2-1XL",
        "CATEGORY": "Commercial",
        "Shape__Area": 55931.7763671875,
        "Shape__Length": 1071.8628608724969
      }
    },
    {
      "type": "Feature",
      "geometry": {
        "type": "Polygon",
        "coordinates": [
          [
            [
              -118.193970601438,
              34.1183579559025
            ],
            [
              -118.19396726156,
              34.1183709312227
            ],
            [
              -118.193963823648,
              34.1183843738385
            ],
            [
              -118.193867197785,
              34.1187605752764
            ],
            [
              -118.193996434332,
              34.1187835324724
            ],
            [
              -118.194125671014,
              34.1188065170088
            ],
            [
              -118.194254907703,
              34.1188294739285
            ],
            [
              -118.194384144527,
              34.1188524581886
            ],
            [
              -118.194475205255,
              34.118868634063
            ],
            [
              -118.194513513579,
              34.1188754420978
            ],
            [
              -118.194642750481,
              34.1188983986027
            ],
            [
              -118.194771987518,
              34.1189213824481
            ],
            [
              -118.194901257601,
              34.1189443386234
            ],
            [
              -118.19503049478,
              34.1189673221924
            ],
            [
              -118.1951111771,
              34.1189816457815
            ],
            [
              -118.195170012094,
              34.1189499227688
            ],
            [
              -118.195255988529,
              34.1186139388649
            ],
            [
              -118.195262863955,
              34.1185870535594
            ],
            [
              -118.195269739377,
              34.1185601682536
            ],
            [
              -118.195140932525,
              34.1185372941618
            ],
            [
              -118.195134056999,
              34.1185641519816
            ],
            [
              -118.195004820479,
              34.1185411960022
            ],
            [
              -118.194875583965,
              34.1185182124061
            ],
            [
              -118.194746347587,
              34.1184952561504
            ],
            [
              -118.19461711128,
              34.1184722997565
            ],
            [
              -118.194487182312,
              34.1184498114775
            ],
            [
              -118.194475911298,
              34.1184477961884
            ],
            [
              -118.19435801216,
              34.1184268272216
            ],
            [
              -118.194228875182,
              34.1184038702532
            ],
            [
              -118.194099738275,
              34.1183809131468
            ],
            [
              -118.193970601438,
              34.1183579559025
            ]
          ]
        ]
      },
      "properties": {
        "OBJECTID": 3640,
        "Zoning": "[Q]C2-1XL",
        "CATEGORY": "Commercial",
        "Shape__Area": 60255.400390625,
        "Shape__Length": 1110.9899104319334
      }
    },
    {
      "type": "Feature",
      "geometry": {
        "type": "Polygon",
        "coordinates": [
          [
            [
              -118.19081618826,
              34.1185414241906
            ],
            [
              -118.190729863289,
              34.1188772405847
            ],
            [
              -118.190859132257,
              34.118900228562
            ],
            [
              -118.190988401233,
              34.1189231889226
            ],
            [
              -118.191117670343,
              34.1189461766235
            ],
            [
              -118.191246939524,
              34.118969164186
            ],
            [
              -118.191376208776,
              34.1189921516104
            ],
            [
              -118.191505478036,
              34.1190151114179
            ],
            [
              -118.19163474743,
              34.1190380985657
            ],
            [
              -118.191764016896,
              34.1190610855754
            ],
            [
              -118.191893286369,
              34.1190840449681
            ],
            [
              -118.192022555976,
              34.1191070317012
            ],
            [
              -118.192119422004,
              34.1187309138028
            ],
            [
              -118.191990119912,
              34.118707927226
            ],
            [
              -118.191860850931,
              34.1186849404585
            ],
            [
              -118.191731548982,
              34.118661953605
            ],
            [
              -118.191602280206,
              34.1186389940396
            ],
            [
              -118.191472978398,
              34.1186160069096
            ],
            [
              -118.191343709701,
              34.118593019589
            ],
            [
              -118.191214408036,
              34.1185700321824
            ],
            [
              -118.191085139482,
              34.1185470445852
            ],
            [
              -118.190955838022,
              34.1185240843807
            ],
            [
              -118.190875024575,
              34.1185097032691
            ],
            [
              -118.19081618826,
              34.1185414241906
            ]
          ]
        ]
      },
      "properties": {
        "OBJECTID": 3641,
        "Zoning": "[Q]C2-1XL",
        "CATEGORY": "Commercial",
        "Shape__Area": 55897.9541015625,
        "Shape__Length": 1071.423085128532
      }
    },
    {
      "type": "Feature",
      "geometry": {
        "type": "Polygon",
        "coordinates": [
          [
            [
              -118.195353521833,
              34.1190247256598
            ],
            [
              -118.195482560897,
              34.1190476541086
            ],
            [
              -118.195611798396,
              34.119070637056
            ],
            [
              -118.19574106894,
              34.1190935923331
            ],
            [
              -118.195870306581,
              34.1191165750041
            ],
            [
              -118.195999544229,
              34.1191395300584
            ],
            [
              -118.196128782012,
              34.119162512453
            ],
            [
              -118.196258019801,
              34.1191854672309
            ],
            [
              -118.196387257726,
              34.1192084493492
            ],
            [
              -118.196516495658,
              34.1192314038507
            ],
            [
              -118.1965810155,
              34.1192428674715
            ],
            [
              -118.196582139287,
              34.1192430579948
            ],
            [
              -118.196583263074,
              34.119243248518
            ],
            [
              -118.196584419772,
              34.1192433840303
            ],
            [
              -118.196585543495,
              34.1192435470749
            ],
            [
              -118.196586700128,
              34.1192436551085
            ],
            [
              -118.19658785676,
              34.1192437631421
            ],
            [
              -118.196588980354,
              34.1192438712294
            ],
            [
              -118.196590136922,
              34.1192439517843
            ],
            [
              -118.196591293426,
              34.1192440048607
            ],
            [
              -118.196592449929,
              34.1192440579369
            ],
            [
              -118.196593606368,
              34.1192440835346
            ],
            [
              -118.196594762743,
              34.1192440816536
            ],
            [
              -118.196595919117,
              34.1192440797726
            ],
            [
              -118.196597042387,
              34.1192440504668
            ],
            [
              -118.196598198697,
              34.1192440211071
            ],
            [
              -118.196599354942,
              34.1192439642688
            ],
            [
              -118.196600511123,
              34.1192438799519
            ],
            [
              -118.196601667303,
              34.119243795635
            ],
            [
              -118.19660279038,
              34.1192436838932
            ],
            [
              -118.196603946431,
              34.119243544619
            ],
            [
              -118.196605102482,
              34.1192434053448
            ],
            [
              -118.196606225494,
              34.1192432661243
            ],
            [
              -118.196607348377,
              34.1192430719466
            ],
            [
              -118.196608504364,
              34.1192429051937
            ],
            [
              -118.196609627182,
              34.1192426835374
            ],
            [
              -118.19661075,
              34.1192424618809
            ],
            [
              -118.196611839714,
              34.1192422127997
            ],
            [
              -118.196612962467,
              34.1192419636647
            ],
            [
              -118.196614085156,
              34.119241687051
            ],
            [
              -118.196615174806,
              34.119241410491
            ],
            [
              -118.196616264391,
              34.1192411064524
            ],
            [
              -118.196617353976,
              34.1192408024138
            ],
            [
              -118.196618443431,
              34.1192404434181
            ],
            [
              -118.196619499912,
              34.1192401119545
            ],
            [
              -118.196620589303,
              34.1192397254801
            ],
            [
              -118.19662164572,
              34.119239366538
            ],
            [
              -118.196622668967,
              34.1192389526923
            ],
            [
              -118.196623725255,
              34.1192385387929
            ],
            [
              -118.196624748502,
              34.1192381249473
            ],
            [
              -118.196625771686,
              34.119237683623
            ],
            [
              -118.196626794804,
              34.1192372148201
            ],
            [
              -118.196627784883,
              34.1192367460709
            ],
            [
              -118.196628808002,
              34.1192362772679
            ],
            [
              -118.196629764912,
              34.1192357536153
            ],
            [
              -118.196630754927,
              34.1192352573874
            ],
            [
              -118.196631711838,
              34.1192347337347
            ],
            [
              -118.196632668684,
              34.1192341826034
            ],
            [
              -118.196633592491,
              34.1192336315258
            ],
            [
              -118.196634516233,
              34.1192330529696
            ],
            [
              -118.196635439975,
              34.1192324744133
            ],
            [
              -118.196636363652,
              34.1192318683785
            ],
            [
              -118.19663725429,
              34.1192312623973
            ],
            [
              -118.196638111825,
              34.1192306289913
            ],
            [
              -118.196638969359,
              34.1192299955853
            ],
            [
              -118.196639826893,
              34.1192293621793
            ],
            [
              -118.196640684363,
              34.1192287012947
            ],
            [
              -118.196641508793,
              34.1192280404638
            ],
            [
              -118.19664230012,
              34.1192273522081
            ],
            [
              -118.196643091446,
              34.1192266639523
            ],
            [
              -118.196643882708,
              34.1192259482178
            ],
            [
              -118.19664464093,
              34.1192252325372
            ],
            [
              -118.196645399088,
              34.1192244893779
            ],
            [
              -118.196646124207,
              34.1192237462724
            ],
            [
              -118.196646849325,
              34.1192230031669
            ],
            [
              -118.196647541405,
              34.119222260115
            ],
            [
              -118.196648233419,
              34.1192214895846
            ],
            [
              -118.196648925369,
              34.1192206915756
            ],
            [
              -118.196649551305,
              34.1192199211527
            ],
            [
              -118.196650210151,
              34.1192190957188
            ],
            [
              -118.196650836023,
              34.1192182978172
            ],
            [
              -118.19665142879,
              34.1192174724908
            ],
            [
              -118.196652021558,
              34.1192166471644
            ],
            [
              -118.196652581286,
              34.1192158218918
            ],
            [
              -118.19665314095,
              34.1192149691405
            ],
            [
              -118.196653667639,
              34.1192141439216
            ],
            [
              -118.196654194198,
              34.1192132637454
            ],
            [
              -118.196654687783,
              34.1192124111016
            ],
            [
              -118.196655148265,
              34.119211531033
            ],
            [
              -118.196655608746,
              34.1192106509643
            ],
            [
              -118.196656069227,
              34.1192097708957
            ],
            [
              -118.196656496669,
              34.1192088908808
            ],
            [
              -118.196656891007,
              34.1192079834411
            ],
            [
              -118.196657285345,
              34.1192070760013
            ],
            [
              -118.196657646643,
              34.1192061686153
            ],
            [
              -118.196658007942,
              34.1192052612293
            ],
            [
              -118.196658336137,
              34.1192043264184
            ],
            [
              -118.196658631357,
              34.1192034191399
            ],
            [
              -118.196658926513,
              34.1192024843828
            ],
            [
              -118.196659188629,
              34.1192015496794
            ],
            [
              -118.196659450745,
              34.1192006149761
            ],
            [
              -118.196741588143,
              34.118878348137
            ],
            [
              -118.196612350631,
              34.1188553663978
            ],
            [
              -118.196483113255,
              34.118832411999
            ],
            [
              -118.196353875885,
              34.1188094299835
            ],
            [
              -118.19622463865,
              34.1187864753084
            ],
            [
              -118.196095401422,
              34.1187634930165
            ],
            [
              -118.19596616433,
              34.118740538065
            ],
            [
              -118.195836927244,
              34.1187175554967
            ],
            [
              -118.195707690293,
              34.1186946002689
            ],
            [
              -118.195578453349,
              34.1186716174242
            ],
            [
              -118.195449745358,
              34.118648743501
            ],
            [
              -118.195353521833,
              34.1190247256598
            ]
          ]
        ]
      },
      "properties": {
        "OBJECTID": 3642,
        "Zoning": "[Q]C2-1XL",
        "CATEGORY": "Commercial",
        "Shape__Area": 55853.861328125,
        "Shape__Length": 1070.9382614478363
      }
    },
    {
      "type": "Feature",
      "geometry": {
        "type": "Polygon",
        "coordinates": [
          [
            [
              -118.192301507708,
              34.1188110475896
            ],
            [
              -118.192216411025,
              34.1191415390991
            ],
            [
              -118.192345548527,
              34.1191644707396
            ],
            [
              -118.192474653124,
              34.1191874297735
            ],
            [
              -118.19260379083,
              34.1192103886168
            ],
            [
              -118.192732928608,
              34.1192333473222
            ],
            [
              -118.192862033354,
              34.1192562784637
            ],
            [
              -118.192991171274,
              34.1192792368931
            ],
            [
              -118.193120309264,
              34.1193021951846
            ],
            [
              -118.193249447326,
              34.1193251533381
            ],
            [
              -118.193378552355,
              34.1193480839278
            ],
            [
              -118.193507690558,
              34.1193710418054
            ],
            [
              -118.19359397165,
              34.1190351410397
            ],
            [
              -118.193555797075,
              34.1189862076077
            ],
            [
              -118.193475214135,
              34.1189718828216
            ],
            [
              -118.19334610966,
              34.1189489523353
            ],
            [
              -118.193217005193,
              34.1189259942325
            ],
            [
              -118.193087900859,
              34.1189030634704
            ],
            [
              -118.192958796534,
              34.1188801050918
            ],
            [
              -118.192829692279,
              34.1188571465754
            ],
            [
              -118.192700588158,
              34.1188342153996
            ],
            [
              -118.192571484045,
              34.1188112566073
            ],
            [
              -118.192442375928,
              34.1187883217275
            ],
            [
              -118.19244098825,
              34.1187936908761
            ],
            [
              -118.192360345784,
              34.118779356855
            ],
            [
              -118.192301507708,
              34.1188110475896
            ]
          ]
        ]
      },
      "properties": {
        "OBJECTID": 3643,
        "Zoning": "[Q]C2-1XL",
        "CATEGORY": "Commercial",
        "Shape__Area": 55640.771484375,
        "Shape__Length": 1061.6644615013654
      }
    },
    {
      "type": "Feature",
      "geometry": {
        "type": "Polygon",
        "coordinates": [
          [
            [
              -118.193701546705,
              34.1194054918641
            ],
            [
              -118.193830784267,
              34.1194284767163
            ],
            [
              -118.193960054876,
              34.1194514338986
            ],
            [
              -118.19408929258,
              34.1194744184744
            ],
            [
              -118.194218530292,
              34.1194973754333
            ],
            [
              -118.194347768139,
              34.1195203597328
            ],
            [
              -118.194474097312,
              34.1195427989998
            ],
            [
              -118.194477005992,
              34.1195433164153
            ],
            [
              -118.194606904961,
              34.1195663818102
            ],
            [
              -118.194736143021,
              34.1195893656944
            ],
            [
              -118.194865381088,
              34.1196123219617
            ],
            [
              -118.19499461929,
              34.1196353055695
            ],
            [
              -118.195080564223,
              34.1192993767945
            ],
            [
              -118.195042421632,
              34.1192504162998
            ],
            [
              -118.194961672923,
              34.1192360652926
            ],
            [
              -118.194832402372,
              34.1192131091817
            ],
            [
              -118.194703164867,
              34.1191901254007
            ],
            [
              -118.194573630016,
              34.1191671144817
            ],
            [
              -118.194474735386,
              34.1191495498711
            ],
            [
              -118.194444392654,
              34.1191441304241
            ],
            [
              -118.194315155426,
              34.1191211737068
            ],
            [
              -118.194185918269,
              34.1190982168514
            ],
            [
              -118.19405668112,
              34.1190752323792
            ],
            [
              -118.193927444105,
              34.1190522752475
            ],
            [
              -118.193798207098,
              34.1190292904989
            ],
            [
              -118.193701546705,
              34.1194054918641
            ]
          ]
        ]
      },
      "properties": {
        "OBJECTID": 3644,
        "Zoning": "[Q]C2-1XL",
        "CATEGORY": "Commercial",
        "Shape__Area": 55906.4970703125,
        "Shape__Length": 1071.5129799748147
      }
    },
    {
      "type": "Feature",
      "geometry": {
        "type": "Polygon",
        "coordinates": [
          [
            [
              -118.195188476662,
              34.1196697532434
            ],
            [
              -118.195318111643,
              34.1196927908223
            ],
            [
              -118.19544735003,
              34.1197157464673
            ],
            [
              -118.195528000168,
              34.1197300973106
            ],
            [
              -118.195576588552,
              34.1197387294529
            ],
            [
              -118.19570582708,
              34.1197616848215
            ],
            [
              -118.195835065744,
              34.1197846675307
            ],
            [
              -118.195964304415,
              34.119807622623
            ],
            [
              -118.196093543221,
              34.1198306050558
            ],
            [
              -118.196222782034,
              34.1198535598718
            ],
            [
              -118.196287401499,
              34.1198650509672
            ],
            [
              -118.196352020982,
              34.1198765420282
            ],
            [
              -118.196481259936,
              34.1198994965677
            ],
            [
              -118.196524179369,
              34.1197312294734
            ],
            [
              -118.196577214306,
              34.1195231841884
            ],
            [
              -118.196447975843,
              34.119500202273
            ],
            [
              -118.196383356702,
              34.1194887387421
            ],
            [
              -118.196318737514,
              34.1194772476981
            ],
            [
              -118.196189499193,
              34.1194542655063
            ],
            [
              -118.196060227967,
              34.1194313107086
            ],
            [
              -118.195930989788,
              34.1194083282405
            ],
            [
              -118.195801751743,
              34.1193853731128
            ],
            [
              -118.195672513706,
              34.1193623903683
            ],
            [
              -118.195543275804,
              34.1193394349642
            ],
            [
              -118.195414037908,
              34.1193164519434
            ],
            [
              -118.195284767109,
              34.1192934963163
            ],
            [
              -118.195188476662,
              34.1196697532434
            ]
          ]
        ]
      },
      "properties": {
        "OBJECTID": 3645,
        "Zoning": "[Q]C2-1XL",
        "CATEGORY": "Commercial",
        "Shape__Area": 56007.8896484375,
        "Shape__Length": 1080.1176448069302
      }
    },
    {
      "type": "Feature",
      "geometry": {
        "type": "Polygon",
        "coordinates": [
          [
            [
              -118.198040729667,
              34.1201079055502
            ],
            [
              -118.198091896508,
              34.1198101445932
            ],
            [
              -118.197939609787,
              34.1197652740171
            ],
            [
              -118.19793266857,
              34.1197640488418
            ],
            [
              -118.197803164981,
              34.1197410413297
            ],
            [
              -118.197755733201,
              34.1197326005409
            ],
            [
              -118.197673661462,
              34.1197180336789
            ],
            [
              -118.197544157951,
              34.1196949984106
            ],
            [
              -118.197414654575,
              34.1196719904822
            ],
            [
              -118.197285151271,
              34.1196489824151
            ],
            [
              -118.197155648038,
              34.1196259742092
            ],
            [
              -118.197026376217,
              34.1196029929662
            ],
            [
              -118.196900310647,
              34.119580583415
            ],
            [
              -118.196771072071,
              34.1195576293237
            ],
            [
              -118.196726778629,
              34.119731449446
            ],
            [
              -118.196674889649,
              34.1199349589429
            ],
            [
              -118.196804128912,
              34.1199579680945
            ],
            [
              -118.196933930112,
              34.1199810586286
            ],
            [
              -118.197063169518,
              34.1200040675032
            ],
            [
              -118.197037317536,
              34.12010987529
            ],
            [
              -118.197049542191,
              34.1201098553599
            ],
            [
              -118.197172515552,
              34.1201096273268
            ],
            [
              -118.197173440661,
              34.1201096258175
            ],
            [
              -118.197297339065,
              34.1201093686695
            ],
            [
              -118.197307713502,
              34.1201093517337
            ],
            [
              -118.197421237533,
              34.1201091388732
            ],
            [
              -118.197442911451,
              34.1201090759894
            ],
            [
              -118.197545135935,
              34.1201088814711
            ],
            [
              -118.197578109464,
              34.1201088275724
            ],
            [
              -118.197713307411,
              34.1201085515256
            ],
            [
              -118.197848505358,
              34.1201082753276
            ],
            [
              -118.198040729667,
              34.1201079055502
            ]
          ]
        ]
      },
      "properties": {
        "OBJECTID": 3646,
        "Zoning": "[Q]C2-1XL",
        "CATEGORY": "Commercial",
        "Shape__Area": 60161.0556640625,
        "Shape__Length": 1123.5645645983982
      }
    },
    {
      "type": "Feature",
      "geometry": {
        "type": "Polygon",
        "coordinates": [
          [
            [
              -118.199341985033,
              34.1196029330167
            ],
            [
              -118.199343502617,
              34.1197128454441
            ],
            [
              -118.199343785197,
              34.1197343608258
            ],
            [
              -118.199345381314,
              34.1198494940834
            ],
            [
              -118.199345383607,
              34.1198504558352
            ],
            [
              -118.19934545198,
              34.1198514174781
            ],
            [
              -118.199345520352,
              34.119852379121
            ],
            [
              -118.199345588724,
              34.1198533407638
            ],
            [
              -118.199345690136,
              34.1198543023522
            ],
            [
              -118.199345824522,
              34.1198552364075
            ],
            [
              -118.199345958973,
              34.1198561979414
            ],
            [
              -118.199346126464,
              34.1198571594208
            ],
            [
              -118.199346293889,
              34.1198580934215
            ],
            [
              -118.199346527394,
              34.1198590273133
            ],
            [
              -118.199346727924,
              34.1198599887382
            ],
            [
              -118.199346961428,
              34.1198609226299
            ],
            [
              -118.199347227972,
              34.1198618564673
            ],
            [
              -118.199347527555,
              34.11986279025
            ],
            [
              -118.199347827073,
              34.1198636965542
            ],
            [
              -118.199348159696,
              34.1198646302825
            ],
            [
              -118.199348492254,
              34.1198655365322
            ],
            [
              -118.199348857916,
              34.1198664702059
            ],
            [
              -118.199349223513,
              34.1198673764011
            ],
            [
              -118.199349622084,
              34.1198682550632
            ],
            [
              -118.19935002072,
              34.1198691612038
            ],
            [
              -118.19935048537,
              34.1198700397569
            ],
            [
              -118.199350916981,
              34.1198709183644
            ],
            [
              -118.199351381631,
              34.1198717969175
            ],
            [
              -118.19935187932,
              34.119872675416
            ],
            [
              -118.199352409984,
              34.1198735263815
            ],
            [
              -118.199352907608,
              34.1198743774014
            ],
            [
              -118.199353471311,
              34.1198752283123
            ],
            [
              -118.199354035014,
              34.1198760792232
            ],
            [
              -118.199354598651,
              34.1198769026555
            ],
            [
              -118.199355195328,
              34.1198777260333
            ],
            [
              -118.199355824979,
              34.119878521878
            ],
            [
              -118.199356454696,
              34.1198793452013
            ],
            [
              -118.199357084347,
              34.1198801410459
            ],
            [
              -118.199357746972,
              34.1198809093575
            ],
            [
              -118.199358442637,
              34.1198816776145
            ],
            [
              -118.199359138301,
              34.1198824458716
            ],
            [
              -118.199359833966,
              34.1198832141286
            ],
            [
              -118.199360562605,
              34.1198839548525
            ],
            [
              -118.199361324283,
              34.1198846955219
            ],
            [
              -118.199362085895,
              34.1198854087126
            ],
            [
              -118.199362847508,
              34.1198861219034
            ],
            [
              -118.199363642095,
              34.1198868075611
            ],
            [
              -118.199364436681,
              34.1198874932187
            ],
            [
              -118.199365264308,
              34.1198881788219
            ],
            [
              -118.199366091868,
              34.1198888369463
            ],
            [
              -118.199366952469,
              34.1198894950163
            ],
            [
              -118.199367813003,
              34.1198901256077
            ],
            [
              -118.199368673538,
              34.119890756199
            ],
            [
              -118.199369567112,
              34.1198913867359
            ],
            [
              -118.199370460621,
              34.1198919897941
            ],
            [
              -118.199371354064,
              34.1198925653737
            ],
            [
              -118.199372280547,
              34.1198931408987
            ],
            [
              -118.199373240069,
              34.1198937163693
            ],
            [
              -118.199374166487,
              34.1198942644157
            ],
            [
              -118.199375125878,
              34.119894784929
            ],
            [
              -118.199376085269,
              34.1198953054423
            ],
            [
              -118.1993770777,
              34.1198958259011
            ],
            [
              -118.19937807,
              34.1198962914027
            ],
            [
              -118.199379062365,
              34.1198967843828
            ],
            [
              -118.199380087704,
              34.1198972498298
            ],
            [
              -118.199381112978,
              34.1198976877982
            ],
            [
              -118.199382138252,
              34.1198981257665
            ],
            [
              -118.19938316346,
              34.1198985362563
            ],
            [
              -118.199384221708,
              34.1198989466915
            ],
            [
              -118.19938527989,
              34.119899329648
            ],
            [
              -118.199386338073,
              34.1198997126046
            ],
            [
              -118.199387396189,
              34.1199000680826
            ],
            [
              -118.19938848728,
              34.1199003960274
            ],
            [
              -118.199389578371,
              34.1199007239722
            ],
            [
              -118.199390669462,
              34.1199010519169
            ],
            [
              -118.199391760421,
              34.1199013249045
            ],
            [
              -118.199392851447,
              34.1199016253706
            ],
            [
              -118.19939397538,
              34.119901870825
            ],
            [
              -118.199395066274,
              34.1199021163338
            ],
            [
              -118.199396619853,
              34.1199024160368
            ],
            [
              -118.199611079366,
              34.1199435549197
            ],
            [
              -118.199611477274,
              34.1199718298788
            ],
            [
              -118.199778933068,
              34.1200039506244
            ],
            [
              -118.199939579617,
              34.1200347359449
            ],
            [
              -118.200068361456,
              34.1200594460459
            ],
            [
              -118.200197143304,
              34.1200841285311
            ],
            [
              -118.200325925229,
              34.120108810879
            ],
            [
              -118.200454707296,
              34.1201335205684
            ],
            [
              -118.200547307677,
              34.1197987858919
            ],
            [
              -118.200418526165,
              34.1197741037801
            ],
            [
              -118.200289744662,
              34.1197493940524
            ],
            [
              -118.200216363093,
              34.1197353366106
            ],
            [
              -118.200160963301,
              34.1197247116661
            ],
            [
              -118.200032181951,
              34.119700001664
            ],
            [
              -118.199903433782,
              34.1196753189487
            ],
            [
              -118.199809591479,
              34.1196573381628
            ],
            [
              -118.199774057677,
              34.1196505272193
            ],
            [
              -118.19977333939,
              34.1195988134314
            ],
            [
              -118.199341985033,
              34.1196029330167
            ]
          ]
        ]
      },
      "properties": {
        "OBJECTID": 3647,
        "Zoning": "[Q]C2-1XL",
        "CATEGORY": "Commercial",
        "Shape__Area": 44440.39453125,
        "Shape__Length": 969.7776411186418
      }
    },
    {
      "type": "Feature",
      "geometry": {
        "type": "Polygon",
        "coordinates": [
          [
            [
              -118.198173165898,
              34.1201133765692
            ],
            [
              -118.198380157292,
              34.1201122950697
            ],
            [
              -118.198468306252,
              34.1201118480857
            ],
            [
              -118.198556455146,
              34.1201113735588
            ],
            [
              -118.198732752995,
              34.1201104517908
            ],
            [
              -118.198770748218,
              34.1201102519158
            ],
            [
              -118.198772660791,
              34.120247642434
            ],
            [
              -118.199103057153,
              34.1202469886901
            ],
            [
              -118.199101106089,
              34.1201075373347
            ],
            [
              -118.198774940515,
              34.1200114040198
            ],
            [
              -118.198618619429,
              34.1199653593474
            ],
            [
              -118.198540491957,
              34.1199423231418
            ],
            [
              -118.198462331489,
              34.1199192869399
            ],
            [
              -118.198218956526,
              34.1198475821383
            ],
            [
              -118.198173165898,
              34.1201133765692
            ]
          ]
        ]
      },
      "properties": {
        "OBJECTID": 3648,
        "Zoning": "[Q]C2-1XL",
        "CATEGORY": "Commercial",
        "Shape__Area": 18639.443359375,
        "Shape__Length": 762.6036068103623
      }
    },
    {
      "type": "Feature",
      "geometry": {
        "type": "Polygon",
        "coordinates": [
          [
            [
              -118.199302253223,
              34.1203159342651
            ],
            [
              -118.199434409882,
              34.1203148369466
            ],
            [
              -118.199658514611,
              34.1203130105715
            ],
            [
              -118.199783865216,
              34.1203119790713
            ],
            [
              -118.199785383328,
              34.1204218640168
            ],
            [
              -118.19978690151,
              34.1205317764412
            ],
            [
              -118.199787586708,
              34.1205834628064
            ],
            [
              -118.199916501441,
              34.1206081453725
            ],
            [
              -118.20004528409,
              34.1206328280198
            ],
            [
              -118.200174066815,
              34.12065751053
            ],
            [
              -118.200302849617,
              34.1206821929029
            ],
            [
              -118.200378451206,
              34.1204090663657
            ],
            [
              -118.200330037494,
              34.1203633945298
            ],
            [
              -118.200259233661,
              34.1203498274575
            ],
            [
              -118.200130451384,
              34.1203251450383
            ],
            [
              -118.200001669118,
              34.1203004350033
            ],
            [
              -118.200009072054,
              34.1202736584663
            ],
            [
              -118.199782711773,
              34.1202302592251
            ],
            [
              -118.199686158309,
              34.1202117332489
            ],
            [
              -118.199435007233,
              34.1201635930138
            ],
            [
              -118.199299779748,
              34.1201376563239
            ],
            [
              -118.199302253223,
              34.1203159342651
            ]
          ]
        ]
      },
      "properties": {
        "OBJECTID": 3649,
        "Zoning": "[Q]C2-1XL",
        "CATEGORY": "Commercial",
        "Shape__Area": 27460.0185546875,
        "Shape__Length": 925.9541463780502
      }
    },
    {
      "type": "Feature",
      "geometry": {
        "type": "Polygon",
        "coordinates": [
          [
            [
              -118.184673618849,
              34.1153687101741
            ],
            [
              -118.184620114003,
              34.1154210564491
            ],
            [
              -118.184614779243,
              34.1154887721687
            ],
            [
              -118.184707752657,
              34.1155956047738
            ],
            [
              -118.184855377875,
              34.1157652525225
            ],
            [
              -118.184920030431,
              34.1157639720307
            ],
            [
              -118.185052721141,
              34.1156341792763
            ],
            [
              -118.184998123932,
              34.115595957524
            ],
            [
              -118.184673618849,
              34.1153687101741
            ]
          ]
        ]
      },
      "properties": {
        "OBJECTID": 3788,
        "Zoning": "[Q]C4-1VL",
        "CATEGORY": "Commercial",
        "Shape__Area": 8745.693359375,
        "Shape__Length": 405.48240752069773
      }
    },
    {
      "type": "Feature",
      "geometry": {
        "type": "Polygon",
        "coordinates": [
          [
            [
              -118.183606717298,
              34.1168233555933
            ],
            [
              -118.183602548678,
              34.1168508131697
            ],
            [
              -118.183598974867,
              34.1168783247998
            ],
            [
              -118.183595995864,
              34.1169058904838
            ],
            [
              -118.183593578572,
              34.1169334827931
            ],
            [
              -118.183591756089,
              34.1169611291563
            ],
            [
              -118.183590495258,
              34.1169887746663
            ],
            [
              -118.183589829178,
              34.1170164467516
            ],
            [
              -118.183589748165,
              34.1170246904913
            ],
            [
              -118.183825532175,
              34.1167939230047
            ],
            [
              -118.183911115679,
              34.1167101750488
            ],
            [
              -118.183932511513,
              34.1166892311808
            ],
            [
              -118.184039490584,
              34.1165845392625
            ],
            [
              -118.184146469387,
              34.1164798472498
            ],
            [
              -118.184253414823,
              34.1163751277145
            ],
            [
              -118.18436039309,
              34.116270435513
            ],
            [
              -118.184467371089,
              34.1161657432172
            ],
            [
              -118.184574315782,
              34.1160610508775
            ],
            [
              -118.184644864873,
              34.115991998999
            ],
            [
              -118.184415030931,
              34.1157278947024
            ],
            [
              -118.184412944514,
              34.1157256171522
            ],
            [
              -118.184410693089,
              34.1157234222898
            ],
            [
              -118.184408309755,
              34.1157213375436
            ],
            [
              -118.184406654891,
              34.1157199936113
            ],
            [
              -118.18440496711,
              34.1157187046867
            ],
            [
              -118.184403180337,
              34.1157174708705
            ],
            [
              -118.184401393686,
              34.1157162920115
            ],
            [
              -118.184398548731,
              34.1157146201503
            ],
            [
              -118.184395637943,
              34.1157130583043
            ],
            [
              -118.184392628345,
              34.1157116340026
            ],
            [
              -118.184389552973,
              34.1157103471948
            ],
            [
              -118.184387436852,
              34.1157095810192
            ],
            [
              -118.184385320792,
              34.1157088423221
            ],
            [
              -118.184382047921,
              34.1157078855601
            ],
            [
              -118.184378742315,
              34.1157070662415
            ],
            [
              -118.184375370937,
              34.1157063844168
            ],
            [
              -118.184373123573,
              34.115706030622
            ],
            [
              -118.184370843233,
              34.1157057043561
            ],
            [
              -118.184367406566,
              34.1157053798542
            ],
            [
              -118.184363937165,
              34.1157051927957
            ],
            [
              -118.184360468128,
              34.1157051706089
            ],
            [
              -118.184357032431,
              34.1157052857647
            ],
            [
              -118.184354720143,
              34.1157054541643
            ],
            [
              -118.184352441014,
              34.1157056774706
            ],
            [
              -118.184349039143,
              34.1157061497981
            ],
            [
              -118.184345637635,
              34.1157067869971
            ],
            [
              -118.184342302446,
              34.1157075340098
            ],
            [
              -118.184340123218,
              34.1157081143869
            ],
            [
              -118.184337944172,
              34.1157087772
            ],
            [
              -118.184334741921,
              34.115709881233
            ],
            [
              -118.184332662292,
              34.1157106812879
            ],
            [
              -118.184330615882,
              34.1157115637282
            ],
            [
              -118.184327579487,
              34.1157129697741
            ],
            [
              -118.184324675546,
              34.1157145130116
            ],
            [
              -118.184321837924,
              34.1157161660627
            ],
            [
              -118.184319132755,
              34.1157179563053
            ],
            [
              -118.184316526942,
              34.1157198563113
            ],
            [
              -118.184314053523,
              34.1157218660301
            ],
            [
              -118.184312503832,
              34.1157232698083
            ],
            [
              -118.184311152066,
              34.115724535891
            ],
            [
              -118.184218515054,
              34.1158151920408
            ],
            [
              -118.18411157023,
              34.115919884065
            ],
            [
              -118.184004592161,
              34.1160246035237
            ],
            [
              -118.183897613763,
              34.1161292954094
            ],
            [
              -118.183918889566,
              34.1161439641501
            ],
            [
              -118.183900438848,
              34.1161669919171
            ],
            [
              -118.183882451258,
              34.1161902937639
            ],
            [
              -118.183864992811,
              34.1162138421114
            ],
            [
              -118.18384803047,
              34.1162376370104
            ],
            [
              -118.183831300775,
              34.1162620635635
            ],
            [
              -118.183818096481,
              34.116282088157
            ],
            [
              -118.183802556261,
              34.1163065678546
            ],
            [
              -118.183787512088,
              34.1163312666256
            ],
            [
              -118.183773030037,
              34.1163561843698
            ],
            [
              -118.183759043972,
              34.1163812937091
            ],
            [
              -118.18375532576,
              34.116388169043
            ],
            [
              -118.18374203409,
              34.1164135521118
            ],
            [
              -118.183729271385,
              34.1164390992473
            ],
            [
              -118.183717037705,
              34.1164648379284
            ],
            [
              -118.18370536603,
              34.1164907406263
            ],
            [
              -118.18369422332,
              34.1165168073915
            ],
            [
              -118.183691758798,
              34.1165228839349
            ],
            [
              -118.183683642616,
              34.1165430381738
            ],
            [
              -118.183680653405,
              34.1165509016314
            ],
            [
              -118.183673590878,
              34.1165694330236
            ],
            [
              -118.183664101086,
              34.1165959644123
            ],
            [
              -118.183655173179,
              34.1166226048612
            ],
            [
              -118.183646807219,
              34.1166493818492
            ],
            [
              -118.18364169164,
              34.1166668660897
            ],
            [
              -118.183538223684,
              34.116595358757
            ],
            [
              -118.18353708478,
              34.1166033018372
            ],
            [
              -118.183536111066,
              34.1166112446666
            ],
            [
              -118.183535302604,
              34.1166192147237
            ],
            [
              -118.183534659333,
              34.11662718453
            ],
            [
              -118.183534181314,
              34.1166351815641
            ],
            [
              -118.183533868425,
              34.1166431508686
            ],
            [
              -118.183533720788,
              34.1166511474009
            ],
            [
              -118.18353377138,
              34.1166591436322
            ],
            [
              -118.183533954125,
              34.1166671396629
            ],
            [
              -118.18353433504,
              34.1166751079138
            ],
            [
              -118.183534848168,
              34.1166831034427
            ],
            [
              -118.183535356892,
              34.1166890930316
            ],
            [
              -118.183535424296,
              34.1166896974611
            ],
            [
              -118.183550853405,
              34.1168553157666
            ],
            [
              -118.183611414709,
              34.1167959796495
            ],
            [
              -118.183606717298,
              34.1168233555933
            ]
          ]
        ]
      },
      "properties": {
        "OBJECTID": 3789,
        "Zoning": "[Q]C4-1VL",
        "CATEGORY": "Commercial",
        "Shape__Area": 55869.06640625,
        "Shape__Length": 1306.2762994322238
      }
    },
    {
      "type": "Feature",
      "geometry": {
        "type": "Polygon",
        "coordinates": [
          [
            [
              -118.183872734147,
              34.1168325979167
            ],
            [
              -118.183765783454,
              34.1169372879268
            ],
            [
              -118.18365880359,
              34.1170419796039
            ],
            [
              -118.183575823978,
              34.1171231953834
            ],
            [
              -118.183579850465,
              34.1171664132977
            ],
            [
              -118.183597647722,
              34.1173571985126
            ],
            [
              -118.183613177944,
              34.117523613543
            ],
            [
              -118.183630198082,
              34.1177064860636
            ],
            [
              -118.183783300806,
              34.1175566591779
            ],
            [
              -118.183826059983,
              34.1175147990111
            ],
            [
              -118.183933040243,
              34.1174101071846
            ],
            [
              -118.184040020175,
              34.117305387785
            ],
            [
              -118.1841469999,
              34.1172006957697
            ],
            [
              -118.184253950456,
              34.1170960071389
            ],
            [
              -118.183872734147,
              34.1168325979167
            ]
          ]
        ]
      },
      "properties": {
        "OBJECTID": 3790,
        "Zoning": "[Q]C4-1VL",
        "CATEGORY": "Commercial",
        "Shape__Area": 32274.384765625,
        "Shape__Length": 793.2467063607555
      }
    },
    {
      "type": "Feature",
      "geometry": {
        "type": "Polygon",
        "coordinates": [
          [
            [
              -118.185904547723,
              34.1175826883206
            ],
            [
              -118.185889483295,
              34.1174216501037
            ],
            [
              -118.185878652012,
              34.1174092189007
            ],
            [
              -118.18580114364,
              34.1173201696242
            ],
            [
              -118.185723668532,
              34.117231147726
            ],
            [
              -118.185661695124,
              34.1171599081788
            ],
            [
              -118.185646193528,
              34.1171420982997
            ],
            [
              -118.185568718751,
              34.1170530763027
            ],
            [
              -118.185491211038,
              34.1169640268283
            ],
            [
              -118.18541373653,
              34.1168749772537
            ],
            [
              -118.185336262247,
              34.1167859551083
            ],
            [
              -118.18525875503,
              34.1166969054854
            ],
            [
              -118.185103807229,
              34.1165188334688
            ],
            [
              -118.184775027348,
              34.1168406178046
            ],
            [
              -118.18478027279,
              34.1168969411668
            ],
            [
              -118.184830552818,
              34.1169546795159
            ],
            [
              -118.184908026779,
              34.1170437294645
            ],
            [
              -118.184983513492,
              34.1171304741929
            ],
            [
              -118.184985500845,
              34.1171327518851
            ],
            [
              -118.185063008175,
              34.1172218016843
            ],
            [
              -118.185071322061,
              34.1172313790278
            ],
            [
              -118.18514048257,
              34.1173108240059
            ],
            [
              -118.185145119828,
              34.1173161752532
            ],
            [
              -118.185217957192,
              34.1173998737568
            ],
            [
              -118.185233458744,
              34.1174176836909
            ],
            [
              -118.185235976066,
              34.1174205650987
            ],
            [
              -118.185295465017,
              34.1174889234076
            ],
            [
              -118.185326799432,
              34.1175249274482
            ],
            [
              -118.185372939908,
              34.1175779455809
            ],
            [
              -118.185374198604,
              34.1175794000226
            ],
            [
              -118.185379105397,
              34.1176317944226
            ],
            [
              -118.185386003157,
              34.1177057754584
            ],
            [
              -118.18538600828177,
              34.1177057723733
            ],
            [
              -118.18555272741,
              34.1176054077433
            ],
            [
              -118.185904547723,
              34.1175826883206
            ]
          ]
        ]
      },
      "properties": {
        "OBJECTID": 3791,
        "Zoning": "[Q]C4-1VL",
        "CATEGORY": "Commercial",
        "Shape__Area": 64740.4658203125,
        "Shape__Length": 1160.4245387365631
      }
    },
    {
      "type": "Feature",
      "geometry": {
        "type": "Polygon",
        "coordinates": [
          [
            [
              -118.192225208642,
              34.1091247091052
            ],
            [
              -118.192225005078,
              34.1090900501755
            ],
            [
              -118.192224988394,
              34.1090872834384
            ],
            [
              -118.192224699655,
              34.1090380282915
            ],
            [
              -118.192224686974,
              34.1090361048013
            ],
            [
              -118.192224394532,
              34.108986136931
            ],
            [
              -118.192224384749,
              34.1089845758118
            ],
            [
              -118.192224242099,
              34.1089602470668
            ],
            [
              -118.192224092023,
              34.1089344842879
            ],
            [
              -118.192224082513,
              34.1089330416701
            ],
            [
              -118.192223829137,
              34.1088892890809
            ],
            [
              -118.192223789511,
              34.1088828299273
            ],
            [
              -118.192223782338,
              34.1088815058079
            ],
            [
              -118.192223494698,
              34.1088327281023
            ],
            [
              -118.192223481749,
              34.1088306878279
            ],
            [
              -118.192223179304,
              34.1087790626636
            ],
            [
              -118.19222317929791,
              34.10877906266367
            ],
            [
              -118.19183631396,
              34.1087836532386
            ],
            [
              -118.191906647371,
              34.1088849930017
            ],
            [
              -118.191507928362,
              34.1090799275491
            ],
            [
              -118.19153268759,
              34.1091156381247
            ],
            [
              -118.191590492134,
              34.1091989169315
            ],
            [
              -118.19164007676,
              34.1092703104608
            ],
            [
              -118.191673089177,
              34.1093179062056
            ],
            [
              -118.192071841971,
              34.1091229710593
            ],
            [
              -118.192074228465,
              34.109126429585
            ],
            [
              -118.192225208642,
              34.1091247091052
            ]
          ]
        ]
      },
      "properties": {
        "OBJECTID": 3803,
        "Zoning": "[Q]C4-2D-HPOZ",
        "CATEGORY": "Commercial",
        "Shape__Area": 24239.1630859375,
        "Shape__Length": 712.6562390208708
      }
    },
    {
      "type": "Feature",
      "geometry": {
        "type": "Polygon",
        "coordinates": [
          [
            [
              -118.197340170835,
              34.1109606133718
            ],
            [
              -118.197258565296,
              34.1108459130122
            ],
            [
              -118.19712654503,
              34.1106603172999
            ],
            [
              -118.197125948441,
              34.1106594939113
            ],
            [
              -118.197125318815,
              34.1106586705766
            ],
            [
              -118.197124689255,
              34.1106578747205
            ],
            [
              -118.197124059695,
              34.1106570788644
            ],
            [
              -118.197123397099,
              34.1106562830622
            ],
            [
              -118.197122701531,
              34.1106555147925
            ],
            [
              -118.197122005964,
              34.1106547465229
            ],
            [
              -118.197121310461,
              34.1106540057317
            ],
            [
              -118.197120581858,
              34.1106532375159
            ],
            [
              -118.197119853385,
              34.1106525242574
            ],
            [
              -118.19711909181,
              34.110651783574
            ],
            [
              -118.197118297265,
              34.1106510704232
            ],
            [
              -118.197117502785,
              34.110650384751
            ],
            [
              -118.197116708304,
              34.1106496990788
            ],
            [
              -118.197115913824,
              34.1106490134065
            ],
            [
              -118.197115053336,
              34.1106483553207
            ],
            [
              -118.197114225885,
              34.110647697181
            ],
            [
              -118.197113365462,
              34.1106470665737
            ],
            [
              -118.19711250504,
              34.1106464359665
            ],
            [
              -118.197111611581,
              34.1106458054131
            ],
            [
              -118.197110718188,
              34.1106452023383
            ],
            [
              -118.197109791823,
              34.1106446267961
            ],
            [
              -118.197108865458,
              34.1106440512538
            ],
            [
              -118.197107939093,
              34.1106434757116
            ],
            [
              -118.197107012794,
              34.1106429276479
            ],
            [
              -118.197106053523,
              34.1106424071167
            ],
            [
              -118.197105061216,
              34.1106418866394
            ],
            [
              -118.197104101945,
              34.1106413661082
            ],
            [
              -118.197103109703,
              34.1106408731096
            ],
            [
              -118.197102117525,
              34.1106404075895
            ],
            [
              -118.197101092312,
              34.1106399421233
            ],
            [
              -118.197100067164,
              34.1106395041357
            ],
            [
              -118.197099042016,
              34.1106390661481
            ],
            [
              -118.197098016867,
              34.1106386281604
            ],
            [
              -118.197096958813,
              34.110638245184
            ],
            [
              -118.197095900694,
              34.1106378347288
            ],
            [
              -118.197094842704,
              34.1106374792309
            ],
            [
              -118.197093784714,
              34.110637123733
            ],
            [
              -118.197092693688,
              34.110636768289
            ],
            [
              -118.197091602727,
              34.1106364403235
            ],
            [
              -118.197090511831,
              34.1106361398367
            ],
            [
              -118.197089420935,
              34.1106358393499
            ],
            [
              -118.197088330104,
              34.1106355663416
            ],
            [
              -118.197087206237,
              34.1106352933872
            ],
            [
              -118.197086082435,
              34.1106350479115
            ],
            [
              -118.197084991733,
              34.1106348298605
            ],
            [
              -118.197083867995,
              34.1106346118633
            ],
            [
              -118.197082711287,
              34.1106344213987
            ],
            [
              -118.197081587614,
              34.1106342308801
            ],
            [
              -118.197080464006,
              34.1106340678401
            ],
            [
              -118.197079307427,
              34.1106339323327
            ],
            [
              -118.197078183883,
              34.1106337967713
            ],
            [
              -118.197077027304,
              34.1106336612638
            ],
            [
              -118.197075870855,
              34.1106335807136
            ],
            [
              -118.197074747441,
              34.1106335001094
            ],
            [
              -118.197073590991,
              34.1106334195591
            ],
            [
              -118.197072434607,
              34.1106333664875
            ],
            [
              -118.197071278287,
              34.1106333408944
            ],
            [
              -118.197070122031,
              34.1106333427799
            ],
            [
              -118.197068965776,
              34.1106333446654
            ],
            [
              -118.197067809521,
              34.110633346551
            ],
            [
              -118.19706665333,
              34.1106333759151
            ],
            [
              -118.197065530241,
              34.1106334327039
            ],
            [
              -118.19706437418,
              34.1106335170253
            ],
            [
              -118.197063218119,
              34.1106336013466
            ],
            [
              -118.197062062058,
              34.1106336856679
            ],
            [
              -118.197060939162,
              34.1106338248926
            ],
            [
              -118.197059783231,
              34.1106339641711
            ],
            [
              -118.197058660335,
              34.1106341033958
            ],
            [
              -118.197057504468,
              34.1106342701529
            ],
            [
              -118.197056381702,
              34.1106344643348
            ],
            [
              -118.197055258936,
              34.1106346585166
            ],
            [
              -118.197054136235,
              34.1106348801771
            ],
            [
              -118.197053013534,
              34.1106351018375
            ],
            [
              -118.197051890897,
              34.1106353509766
            ],
            [
              -118.197050801361,
              34.1106356275404
            ],
            [
              -118.197049678789,
              34.1106359041581
            ],
            [
              -118.197048589318,
              34.1106362082005
            ],
            [
              -118.197047499847,
              34.1106365122429
            ],
            [
              -118.19704641044,
              34.1106368437639
            ],
            [
              -118.197045354135,
              34.1106372027096
            ],
            [
              -118.197044264793,
              34.1106375617092
            ],
            [
              -118.197043208487,
              34.110637920655
            ],
            [
              -118.197042152311,
              34.1106383345579
            ],
            [
              -118.197041129106,
              34.1106387209283
            ],
            [
              -118.197040072994,
              34.1106391623099
            ],
            [
              -118.197039049918,
              34.1106396036376
            ],
            [
              -118.197038026842,
              34.1106400449653
            ],
            [
              -118.197037036867,
              34.1106405137177
            ],
            [
              -118.197036013921,
              34.1106410100025
            ],
            [
              -118.196928342408,
              34.1106940545719
            ],
            [
              -118.197093543605,
              34.1109272444979
            ],
            [
              -118.197174884968,
              34.1110420553149
            ],
            [
              -118.197340170835,
              34.1109606133718
            ]
          ]
        ]
      },
      "properties": {
        "OBJECTID": 3804,
        "Zoning": "[Q]C4-1VL-HPOZ",
        "CATEGORY": "Commercial",
        "Shape__Area": 8442.5224609375,
        "Shape__Length": 401.4412882287269
      }
    },
    {
      "type": "Feature",
      "geometry": {
        "type": "Polygon",
        "coordinates": [
          [
            [
              -118.190300023628,
              34.1116202924214
            ],
            [
              -118.190375853039,
              34.1117266530365
            ],
            [
              -118.190438127404,
              34.1118139922116
            ],
            [
              -118.190502224785,
              34.1119039114811
            ],
            [
              -118.190587661052,
              34.11186214651
            ],
            [
              -118.190673097171,
              34.1118203539999
            ],
            [
              -118.190758533204,
              34.1117785614294
            ],
            [
              -118.190843969152,
              34.1117367687986
            ],
            [
              -118.190929405078,
              34.111695003586
            ],
            [
              -118.191014840855,
              34.1116532108345
            ],
            [
              -118.19110024351,
              34.1116114180749
            ],
            [
              -118.191183266403,
              34.1115691618813
            ],
            [
              -118.191268635664,
              34.1115272866192
            ],
            [
              -118.191354004902,
              34.1114854387754
            ],
            [
              -118.191351452876,
              34.1114818431037
            ],
            [
              -118.191229255843,
              34.1113104044307
            ],
            [
              -118.191101193211,
              34.1111307862522
            ],
            [
              -118.191015824209,
              34.1111726339169
            ],
            [
              -118.190931416305,
              34.1112158539389
            ],
            [
              -118.190847498838,
              34.1112568748296
            ],
            [
              -118.190762096419,
              34.1112986674101
            ],
            [
              -118.190676660877,
              34.1113404599825
            ],
            [
              -118.190591225251,
              34.1113822524946
            ],
            [
              -118.190505789476,
              34.1114240174677
            ],
            [
              -118.190546322482,
              34.111480889476
            ],
            [
              -118.190556331481,
              34.1114949427996
            ],
            [
              -118.190470895573,
              34.1115367077481
            ],
            [
              -118.190385459643,
              34.111578500115
            ],
            [
              -118.190300023628,
              34.1116202924214
            ]
          ]
        ]
      },
      "properties": {
        "OBJECTID": 3805,
        "Zoning": "[Q]C4-1VL-HPOZ",
        "CATEGORY": "Commercial",
        "Shape__Area": 42204.900390625,
        "Shape__Length": 898.9565798465626
      }
    },
    {
      "type": "Feature",
      "geometry": {
        "type": "Polygon",
        "coordinates": [
          [
            [
              -118.188323586446,
              34.1119856679698
            ],
            [
              -118.188402772569,
              34.1119992564283
            ],
            [
              -118.188482253381,
              34.1120116627903
            ],
            [
              -118.188519563822,
              34.1120170728595
            ],
            [
              -118.188458418077,
              34.1119312972252
            ],
            [
              -118.188395629446,
              34.1119227393267
            ],
            [
              -118.188323586446,
              34.1119856679698
            ]
          ]
        ]
      },
      "properties": {
        "OBJECTID": 3806,
        "Zoning": "[Q]C4-1VL-HPOZ",
        "CATEGORY": "Commercial",
        "Shape__Area": 1083.203125,
        "Shape__Length": 147.5887950307374
      }
    },
    {
      "type": "Feature",
      "geometry": {
        "type": "Polygon",
        "coordinates": [
          [
            [
              -118.189143120831,
              34.1125686681481
            ],
            [
              -118.18922073736,
              34.1125307084466
            ],
            [
              -118.189306174845,
              34.112488916902
            ],
            [
              -118.189391612245,
              34.112447125297
            ],
            [
              -118.189477016585,
              34.1124053611622
            ],
            [
              -118.189562453814,
              34.1123635694366
            ],
            [
              -118.189647890958,
              34.1123217776506
            ],
            [
              -118.189733328016,
              34.1122799858043
            ],
            [
              -118.189808799006,
              34.1122430732844
            ],
            [
              -118.189718654605,
              34.1122486006615
            ],
            [
              -118.189711189103,
              34.1122489421257
            ],
            [
              -118.189628672321,
              34.1122527812595
            ],
            [
              -118.189599370994,
              34.1122537340309
            ],
            [
              -118.18953858799,
              34.1122556704507
            ],
            [
              -118.189486193954,
              34.1122565769741
            ],
            [
              -118.189448467628,
              34.1122572406525
            ],
            [
              -118.189371624953,
              34.1122574710033
            ],
            [
              -118.189358344338,
              34.1122575192918
            ],
            [
              -118.189268218061,
              34.11225647889
            ],
            [
              -118.189255432123,
              34.1122561416903
            ],
            [
              -118.189178121839,
              34.1122541193952
            ],
            [
              -118.189137615224,
              34.1122524791162
            ],
            [
              -118.189088088773,
              34.1122504682346
            ],
            [
              -118.189018207613,
              34.1122466206175
            ],
            [
              -118.188998151844,
              34.1122454978779
            ],
            [
              -118.188908311117,
              34.1122392358041
            ],
            [
              -118.189143120831,
              34.1125686681481
            ]
          ]
        ]
      },
      "properties": {
        "OBJECTID": 3807,
        "Zoning": "[Q]C4-1VL-HPOZ",
        "CATEGORY": "Commercial",
        "Shape__Area": 15217.861328125,
        "Shape__Length": 646.0457635783793
      }
    },
    {
      "type": "Feature",
      "geometry": {
        "type": "Polygon",
        "coordinates": [
          [
            [
              -118.185992162459,
              34.1147907891175
            ],
            [
              -118.185656748422,
              34.1144264973391
            ],
            [
              -118.185627134583,
              34.1144358581149
            ],
            [
              -118.185529555425,
              34.1145313041591
            ],
            [
              -118.185443975772,
              34.1146150532558
            ],
            [
              -118.185401185851,
              34.1146569140422
            ],
            [
              -118.185358395948,
              34.1146988022921
            ],
            [
              -118.185272782854,
              34.1147825238399
            ],
            [
              -118.185187202687,
              34.1148662727554
            ],
            [
              -118.185101589311,
              34.1149500216611
            ],
            [
              -118.18501600874,
              34.1150337429771
            ],
            [
              -118.184994613601,
              34.115054687036
            ],
            [
              -118.18493039502,
              34.1151174917619
            ],
            [
              -118.184887604585,
              34.1151593523671
            ],
            [
              -118.184844814168,
              34.1152012404358
            ],
            [
              -118.184759200045,
              34.1152849616211
            ],
            [
              -118.184673618849,
              34.1153687101741
            ],
            [
              -118.184998123932,
              34.115595957524
            ],
            [
              -118.185052721141,
              34.1156341792763
            ],
            [
              -118.185091654645,
              34.1155960891043
            ],
            [
              -118.18513830229,
              34.1155504579328
            ],
            [
              -118.185223916244,
              34.1154667089997
            ],
            [
              -118.185266706669,
              34.1154248482751
            ],
            [
              -118.185309496989,
              34.1153829600568
            ],
            [
              -118.18532350776,
              34.1153692816482
            ],
            [
              -118.185373682451,
              34.1153201551796
            ],
            [
              -118.185395110662,
              34.1152992384814
            ],
            [
              -118.185480691064,
              34.1152154894176
            ],
            [
              -118.185566271294,
              34.1151317402935
            ],
            [
              -118.185651884452,
              34.1150480185368
            ],
            [
              -118.185687224062,
              34.1150134234911
            ],
            [
              -118.18573746434,
              34.1149642692918
            ],
            [
              -118.185780287287,
              34.1149224083352
            ],
            [
              -118.185823077093,
              34.1148805199356
            ],
            [
              -118.185824362809,
              34.1148792814163
            ],
            [
              -118.185877866554,
              34.1148269346089
            ],
            [
              -118.185922369978,
              34.114812852005
            ],
            [
              -118.185992162459,
              34.1147907891175
            ]
          ]
        ]
      },
      "properties": {
        "OBJECTID": 3808,
        "Zoning": "[Q]C4-1VL-HPOZ",
        "CATEGORY": "Commercial",
        "Shape__Area": 66067.1435546875,
        "Shape__Length": 1194.761790980216
      }
    },
    {
      "type": "Feature",
      "geometry": {
        "type": "Polygon",
        "coordinates": [
          [
            [
              -118.179409716409,
              34.1141303692631
            ],
            [
              -118.179505819244,
              34.1140213283987
            ],
            [
              -118.179605151739,
              34.1139086829462
            ],
            [
              -118.179097244185,
              34.1137271154094
            ],
            [
              -118.179063296681,
              34.1137494234741
            ],
            [
              -118.178930970503,
              34.1138363697753
            ],
            [
              -118.179409716409,
              34.1141303692631
            ]
          ]
        ]
      },
      "properties": {
        "OBJECTID": 3884,
        "Zoning": "[Q]C4-1XL",
        "CATEGORY": "Commercial",
        "Shape__Area": 13728.7431640625,
        "Shape__Length": 511.6447413982402
      }
    },
    {
      "type": "Feature",
      "geometry": {
        "type": "Polygon",
        "coordinates": [
          [
            [
              -118.179914636768,
              34.1142579992162
            ],
            [
              -118.17997204089,
              34.1141589903592
            ],
            [
              -118.18002928034,
              34.1140602839861
            ],
            [
              -118.179854345291,
              34.11399775558
            ],
            [
              -118.179774490654,
              34.1140883343336
            ],
            [
              -118.179694372195,
              34.1141792156925
            ],
            [
              -118.179914636768,
              34.1142579992162
            ]
          ]
        ]
      },
      "properties": {
        "OBJECTID": 3885,
        "Zoning": "[Q]C4-1XL-HPOZ",
        "CATEGORY": "Commercial",
        "Shape__Area": 5195.267578125,
        "Shape__Length": 291.9783233958796
      }
    },
    {
      "type": "Feature",
      "geometry": {
        "type": "Polygon",
        "coordinates": [
          [
            [
              -118.181891053714,
              34.1139785498987
            ],
            [
              -118.18184545986,
              34.1139622686735
            ],
            [
              -118.18179161261,
              34.1140550628826
            ],
            [
              -118.181630070141,
              34.1143334453673
            ],
            [
              -118.181751444882,
              34.1143768166638
            ],
            [
              -118.181872852786,
              34.1144201877888
            ],
            [
              -118.181994293913,
              34.1144635862207
            ],
            [
              -118.182115702069,
              34.1145069571017
            ],
            [
              -118.182237143388,
              34.1145503278111
            ],
            [
              -118.182297847606,
              34.1145720268843
            ],
            [
              -118.182358551856,
              34.114593725927
            ],
            [
              -118.182479993427,
              34.1146370963924
            ],
            [
              -118.182601402087,
              34.1146804667858
            ],
            [
              -118.182816788328,
              34.1143092608784
            ],
            [
              -118.182695347058,
              34.1142658907519
            ],
            [
              -118.182573938892,
              34.1142224929748
            ],
            [
              -118.182513234916,
              34.1142008215192
            ],
            [
              -118.182452497874,
              34.1141791226043
            ],
            [
              -118.182331090019,
              34.114135752062
            ],
            [
              -118.182209649253,
              34.1140923814475
            ],
            [
              -118.182088241591,
              34.1140489831827
            ],
            [
              -118.181966801077,
              34.1140056123243
            ],
            [
              -118.181891053714,
              34.1139785498987
            ]
          ]
        ]
      },
      "properties": {
        "OBJECTID": 3887,
        "Zoning": "[Q]C4-1XL",
        "CATEGORY": "Commercial",
        "Shape__Area": 47949.794921875,
        "Shape__Length": 939.9510923274364
      }
    },
    {
      "type": "Feature",
      "geometry": {
        "type": "Polygon",
        "coordinates": [
          [
            [
              -118.183050871814,
              34.1142851374588
            ],
            [
              -118.18299985632,
              34.1143730916649
            ],
            [
              -118.182949564775,
              34.1144597807325
            ],
            [
              -118.182805272199,
              34.1147084891429
            ],
            [
              -118.182829242077,
              34.1147618715156
            ],
            [
              -118.183390826019,
              34.1149624946238
            ],
            [
              -118.183494244671,
              34.1148619853593
            ],
            [
              -118.183561926595,
              34.114705940839
            ],
            [
              -118.183586101979,
              34.1146871911087
            ],
            [
              -118.18367854894,
              34.1146155510092
            ],
            [
              -118.183733891691,
              34.1145726550381
            ],
            [
              -118.183773637527,
              34.1145433572476
            ],
            [
              -118.183050871814,
              34.1142851374588
            ]
          ]
        ]
      },
      "properties": {
        "OBJECTID": 3888,
        "Zoning": "[Q]C4-1XL",
        "CATEGORY": "Commercial",
        "Shape__Area": 39644.603515625,
        "Shape__Length": 810.6371266508924
      }
    },
    {
      "type": "Feature",
      "geometry": {
        "type": "Polygon",
        "coordinates": [
          [
            [
              -118.181392922052,
              34.1147421353112
            ],
            [
              -118.181270743047,
              34.1149527231858
            ],
            [
              -118.1813921185,
              34.1149960948439
            ],
            [
              -118.181513560155,
              34.115039466281
            ],
            [
              -118.181634968957,
              34.1150828651244
            ],
            [
              -118.181756410864,
              34.1151262363176
            ],
            [
              -118.1818748111,
              34.1151685402963
            ],
            [
              -118.181877819859,
              34.1151696074385
            ],
            [
              -118.181999262077,
              34.1152130058663
            ],
            [
              -118.182120671324,
              34.1152563767434
            ],
            [
              -118.182242113734,
              34.1152997474487
            ],
            [
              -118.182457700612,
              34.1149281846536
            ],
            [
              -118.182336258629,
              34.1148848141654
            ],
            [
              -118.18221484975,
              34.1148414160267
            ],
            [
              -118.18209340802,
              34.1147980452946
            ],
            [
              -118.182090366174,
              34.114796950729
            ],
            [
              -118.181971999452,
              34.1147546743908
            ],
            [
              -118.181850557974,
              34.1147113034147
            ],
            [
              -118.181729149599,
              34.1146679047883
            ],
            [
              -118.181607708372,
              34.1146245335684
            ],
            [
              -118.181486333347,
              34.1145811621272
            ],
            [
              -118.181392922052,
              34.1147421353112
            ]
          ]
        ]
      },
      "properties": {
        "OBJECTID": 3889,
        "Zoning": "[Q]C4-1XL",
        "CATEGORY": "Commercial",
        "Shape__Area": 47998.4228515625,
        "Shape__Length": 940.2687273663537
      }
    },
    {
      "type": "Feature",
      "geometry": {
        "type": "Polygon",
        "coordinates": [
          [
            [
              -118.180817541022,
              34.1148499447173
            ],
            [
              -118.180710073705,
              34.115035284547
            ],
            [
              -118.180602342619,
              34.1152210918138
            ],
            [
              -118.180723751271,
              34.1152645190515
            ],
            [
              -118.180844564836,
              34.1153076997494
            ],
            [
              -118.18095236169,
              34.1151219471245
            ],
            [
              -118.181059927694,
              34.1149366069305
            ],
            [
              -118.180938949188,
              34.1148933442597
            ],
            [
              -118.180817541022,
              34.1148499447173
            ]
          ]
        ]
      },
      "properties": {
        "OBJECTID": 3890,
        "Zoning": "[Q]C4-1XL-HPOZ",
        "CATEGORY": "Commercial",
        "Shape__Area": 11960.1259765625,
        "Shape__Length": 459.57350656773906
      }
    },
    {
      "type": "Feature",
      "geometry": {
        "type": "Polygon",
        "coordinates": [
          [
            [
              -118.181484813403,
              34.1150890209536
            ],
            [
              -118.1812699277811,
              34.11545937815394
            ],
            [
              -118.181269927428,
              34.1154593787625
            ],
            [
              -118.181391301726,
              34.1155028311437
            ],
            [
              -118.181512711258,
              34.1155462850678
            ],
            [
              -118.181634087818,
              34.1155897114409
            ],
            [
              -118.181639940111,
              34.1155918185069
            ],
            [
              -118.181755464564,
              34.1156331651709
            ],
            [
              -118.181876874473,
              34.1156766187293
            ],
            [
              -118.181998251472,
              34.1157200722155
            ],
            [
              -118.182072341842,
              34.115592349441
            ],
            [
              -118.182213346687,
              34.1153493074783
            ],
            [
              -118.182091937198,
              34.1153059092156
            ],
            [
              -118.181970527894,
              34.1152625383096
            ],
            [
              -118.181849085678,
              34.1152191673315
            ],
            [
              -118.181727676567,
              34.115175768703
            ],
            [
              -118.181606234603,
              34.1151323974809
            ],
            [
              -118.181484813403,
              34.1150890209536
            ]
          ]
        ]
      },
      "properties": {
        "OBJECTID": 3891,
        "Zoning": "[Q]C4-1XL-HPOZ",
        "CATEGORY": "Commercial",
        "Shape__Area": 35902.517578125,
        "Shape__Length": 779.4655190457959
      }
    },
    {
      "type": "Feature",
      "geometry": {
        "type": "Polygon",
        "coordinates": [
          [
            [
              -118.180515509343,
              34.115369496714
            ],
            [
              -118.180387402339,
              34.1155902596751
            ],
            [
              -118.180386250165,
              34.1155921849052
            ],
            [
              -118.180314395439,
              34.1157160288071
            ],
            [
              -118.18043580466,
              34.1157594563347
            ],
            [
              -118.180557213949,
              34.1158028562617
            ],
            [
              -118.18062906839,
              34.1156790122151
            ],
            [
              -118.180680383566,
              34.1155906189038
            ],
            [
              -118.180758294018,
              34.1154563238131
            ],
            [
              -118.180636918166,
              34.1154129240391
            ],
            [
              -118.180515509343,
              34.115369496714
            ]
          ]
        ]
      },
      "properties": {
        "OBJECTID": 3892,
        "Zoning": "[Q]C4-1XL-HPOZ",
        "CATEGORY": "Commercial",
        "Shape__Area": 11191.486328125,
        "Shape__Length": 440.05512602942724
      }
    },
    {
      "type": "Feature",
      "geometry": {
        "type": "Polygon",
        "coordinates": [
          [
            [
              -118.182712331224,
              34.1159755086266
            ],
            [
              -118.182773466455,
              34.1159973716842
            ],
            [
              -118.18307682868,
              34.1161058931316
            ],
            [
              -118.183442087752,
              34.1162365501708
            ],
            [
              -118.183453262158,
              34.11622490971
            ],
            [
              -118.18346236077,
              34.1162158279203
            ],
            [
              -118.183553350643,
              34.1161267686185
            ],
            [
              -118.183543828206,
              34.116123375719
            ],
            [
              -118.183670488408,
              34.1159993916536
            ],
            [
              -118.183790027382,
              34.1158823978803
            ],
            [
              -118.183799549802,
              34.1158857907603
            ],
            [
              -118.183821670716,
              34.1158641313626
            ],
            [
              -118.184096813354,
              34.1155948607461
            ],
            [
              -118.184099252889,
              34.1155924663812
            ],
            [
              -118.184101461523,
              34.1155902372404
            ],
            [
              -118.184103504725,
              34.1155878984366
            ],
            [
              -118.184104789691,
              34.1155863027133
            ],
            [
              -118.184105975483,
              34.1155846796623
            ],
            [
              -118.184107687943,
              34.11558217649
            ],
            [
              -118.184108708364,
              34.1155804712548
            ],
            [
              -118.184109695627,
              34.1155787111126
            ],
            [
              -118.18411101127,
              34.1155760436724
            ],
            [
              -118.184112128626,
              34.1155733490555
            ],
            [
              -118.184112818366,
              34.1155715069304
            ],
            [
              -118.184113375894,
              34.115569637528
            ],
            [
              -118.184114129592,
              34.1155668335502
            ],
            [
              -118.184114685002,
              34.1155640023958
            ],
            [
              -118.184114945129,
              34.1155621059677
            ],
            [
              -118.18411513912,
              34.1155601821616
            ],
            [
              -118.184115264917,
              34.1155572967042
            ],
            [
              -118.184115260742,
              34.1155554006789
            ],
            [
              -118.18411519043,
              34.1155534772755
            ],
            [
              -118.184114886736,
              34.1155505924724
            ],
            [
              -118.184114618258,
              34.1155486968495
            ],
            [
              -118.184114250667,
              34.1155468013778
            ],
            [
              -118.184113517663,
              34.1155439996648
            ],
            [
              -118.184112652507,
              34.1155411981532
            ],
            [
              -118.184111589306,
              34.1155384793795
            ],
            [
              -118.184110360977,
              34.1155357883361
            ],
            [
              -118.184109465023,
              34.115534003584
            ],
            [
              -118.184108470077,
              34.1155322739403
            ],
            [
              -118.184107409115,
              34.1155305718758
            ],
            [
              -118.184106282139,
              34.1155288973905
            ],
            [
              -118.184104492712,
              34.1155264545103
            ],
            [
              -118.18410250524,
              34.1155240943678
            ],
            [
              -118.184101114263,
              34.1155225576783
            ],
            [
              -118.184099657333,
              34.1155210760467
            ],
            [
              -118.184097339967,
              34.1155189362364
            ],
            [
              -118.184095751127,
              34.1155175647206
            ],
            [
              -118.184094063234,
              34.1155162208343
            ],
            [
              -118.184091482111,
              34.1155143287343
            ],
            [
              -118.184088769078,
              34.1155125467499
            ],
            [
              -118.184086883443,
              34.1155114229945
            ],
            [
              -118.184084964891,
              34.1155103542467
            ],
            [
              -118.18408202126,
              34.1155088748794
            ],
            [
              -118.184078978757,
              34.1155075055775
            ],
            [
              -118.184076895561,
              34.1155066843888
            ],
            [
              -118.184075143105,
              34.1155060275687
            ],
            [
              -118.184006304041,
              34.1154814290273
            ],
            [
              -118.183885091897,
              34.1154381421786
            ],
            [
              -118.183854507848,
              34.1154272246994
            ],
            [
              -118.18324590304,
              34.1152097756277
            ],
            [
              -118.182791774281,
              34.1150475420103
            ],
            [
              -118.182685541137,
              34.1150095896549
            ],
            [
              -118.182632837457,
              34.1150056848964
            ],
            [
              -118.182424426406,
              34.1153648717501
            ],
            [
              -118.182395692483,
              34.1154144317734
            ],
            [
              -118.182292276015,
              34.1155926224362
            ],
            [
              -118.182237967537,
              34.1156862693837
            ],
            [
              -118.18220205796,
              34.1157481506478
            ],
            [
              -118.182226027811,
              34.1158015606204
            ],
            [
              -118.182712331224,
              34.1159755086266
            ]
          ]
        ]
      },
      "properties": {
        "OBJECTID": 3893,
        "Zoning": "[Q]C4-1XL",
        "CATEGORY": "Commercial",
        "Shape__Area": 145706.8330078125,
        "Shape__Length": 1546.4919556939196
      }
    },
    {
      "type": "Feature",
      "geometry": {
        "type": "Polygon",
        "coordinates": [
          [
            [
              -118.187048202291,
              34.1169579999518
            ],
            [
              -118.186959294565,
              34.1170018012118
            ],
            [
              -118.186906095107,
              34.1170280157629
            ],
            [
              -118.186811147833,
              34.1170747939559
            ],
            [
              -118.186763954645,
              34.1170980314581
            ],
            [
              -118.186851050707,
              34.1172191879239
            ],
            [
              -118.187093482767,
              34.1175564714376
            ],
            [
              -118.18712028784,
              34.1175612387162
            ],
            [
              -118.18724302346,
              34.1175007877842
            ],
            [
              -118.187385131166,
              34.117430771576
            ],
            [
              -118.187132450672,
              34.1170761929197
            ],
            [
              -118.187048202291,
              34.1169579999518
            ]
          ]
        ]
      },
      "properties": {
        "OBJECTID": 3894,
        "Zoning": "[Q]C4-1XL",
        "CATEGORY": "Commercial",
        "Shape__Area": 19906.9716796875,
        "Shape__Length": 595.8386632759431
      }
    },
    {
      "type": "Feature",
      "geometry": {
        "type": "Polygon",
        "coordinates": [
          [
            [
              -118.186138127659,
              34.1179537776099
            ],
            [
              -118.186201487817,
              34.1179648363728
            ],
            [
              -118.186298461649,
              34.1179817786979
            ],
            [
              -118.18639546856,
              34.1179987208942
            ],
            [
              -118.186490657641,
              34.118015336073
            ],
            [
              -118.186467959538,
              34.1181040449395
            ],
            [
              -118.186445261326,
              34.1181927263232
            ],
            [
              -118.186422530027,
              34.1182814077539
            ],
            [
              -118.186584187094,
              34.1183097636468
            ],
            [
              -118.18674584421,
              34.1183380918449
            ],
            [
              -118.186907468396,
              34.1183664198779
            ],
            [
              -118.187069125731,
              34.1183947476436
            ],
            [
              -118.18720550381023,
              34.11786208068367
            ],
            [
              -118.187206883147,
              34.1178566932554
            ],
            [
              -118.187045324877,
              34.1178278983843
            ],
            [
              -118.186883799818,
              34.1177991307247
            ],
            [
              -118.186722274809,
              34.1177703353707
            ],
            [
              -118.186560749912,
              34.1177415398009
            ],
            [
              -118.186462750941,
              34.1177240771725
            ],
            [
              -118.186362570541,
              34.1177062056478
            ],
            [
              -118.186262390245,
              34.1176883615185
            ],
            [
              -118.186110748196,
              34.1176613362334
            ],
            [
              -118.186138127659,
              34.1179537776099
            ]
          ]
        ]
      },
      "properties": {
        "OBJECTID": 3895,
        "Zoning": "[Q]C4-1XL",
        "CATEGORY": "Commercial",
        "Shape__Area": 52788.625,
        "Shape__Length": 1054.2833934900996
      }
    },
    {
      "type": "Feature",
      "geometry": {
        "type": "Polygon",
        "coordinates": [
          [
            [
              -118.200740477958,
              34.1198357813272
            ],
            [
              -118.20267211257,
              34.1202060777726
            ],
            [
              -118.202700249104,
              34.1201043300724
            ],
            [
              -118.202772108227,
              34.1198445629699
            ],
            [
              -118.202643325987,
              34.1198198832286
            ],
            [
              -118.202514543823,
              34.1197952033502
            ],
            [
              -118.202385761668,
              34.1197704958559
            ],
            [
              -118.202256979656,
              34.1197458157031
            ],
            [
              -118.20221361161,
              34.1197375072561
            ],
            [
              -118.20212819772,
              34.119721135413
            ],
            [
              -118.201999415861,
              34.1196964549857
            ],
            [
              -118.20187063401,
              34.1196717469426
            ],
            [
              -118.201741852303,
              34.1196470662409
            ],
            [
              -118.201613070671,
              34.119622385402
            ],
            [
              -118.201484289115,
              34.1195977044259
            ],
            [
              -118.201355507569,
              34.119572995834
            ],
            [
              -118.201226924468,
              34.119548341732
            ],
            [
              -118.201098175783,
              34.1195234954178
            ],
            [
              -118.201082078139,
              34.1195204171044
            ],
            [
              -118.200969394532,
              34.1194988138931
            ],
            [
              -118.200872808545,
              34.1194802614416
            ],
            [
              -118.200833210691,
              34.1195008813398
            ],
            [
              -118.200768125684,
              34.1197359326436
            ],
            [
              -118.200740477958,
              34.1198357813272
            ]
          ]
        ]
      },
      "properties": {
        "OBJECTID": 3896,
        "Zoning": "[Q]C4-1XL",
        "CATEGORY": "Commercial",
        "Shape__Area": 80948.8310546875,
        "Shape__Length": 1464.1232190796168
      }
    },
    {
      "type": "Feature",
      "geometry": {
        "type": "Polygon",
        "coordinates": [
          [
            [
              -118.202865286926,
              34.1202431230486
            ],
            [
              -118.204796841831,
              34.1206136261437
            ],
            [
              -118.204846886024,
              34.1204328737966
            ],
            [
              -118.204885825867,
              34.120292281535
            ],
            [
              -118.204885989315,
              34.1202915668108
            ],
            [
              -118.204886185869,
              34.1202908795092
            ],
            [
              -118.204886316277,
              34.120290164841
            ],
            [
              -118.204886479724,
              34.1202894501168
            ],
            [
              -118.204886610132,
              34.1202887354486
            ],
            [
              -118.2048867075,
              34.1202880208363
            ],
            [
              -118.204886804868,
              34.1202873062242
            ],
            [
              -118.204886902236,
              34.1202865916119
            ],
            [
              -118.204886966565,
              34.1202858770558
            ],
            [
              -118.204886997854,
              34.1202851625556
            ],
            [
              -118.204887062182,
              34.1202844479994
            ],
            [
              -118.204887060431,
              34.1202837335552
            ],
            [
              -118.20488709172,
              34.120283019055
            ],
            [
              -118.204887056862,
              34.1202822771883
            ],
            [
              -118.204887055111,
              34.1202815627441
            ],
            [
              -118.20488702032,
              34.1202808483559
            ],
            [
              -118.20488695249,
              34.1202801340238
            ],
            [
              -118.20488688466,
              34.1202794196916
            ],
            [
              -118.204886816829,
              34.1202787053594
            ],
            [
              -118.204886715959,
              34.1202779910833
            ],
            [
              -118.20488658205,
              34.1202772768632
            ],
            [
              -118.20488644814,
              34.1202765626431
            ],
            [
              -118.20488631423,
              34.1202758484229
            ],
            [
              -118.204886147281,
              34.1202751342588
            ],
            [
              -118.204885980399,
              34.1202744475733
            ],
            [
              -118.20488581345,
              34.1202737334092
            ],
            [
              -118.204885580489,
              34.1202730468357
            ],
            [
              -118.2048853805,
              34.1202723327275
            ],
            [
              -118.204885147538,
              34.1202716461541
            ],
            [
              -118.204884914577,
              34.1202709595806
            ],
            [
              -118.204884648576,
              34.1202702730631
            ],
            [
              -118.204884382575,
              34.1202695865456
            ],
            [
              -118.204884083535,
              34.1202689000841
            ],
            [
              -118.204883784561,
              34.1202682411013
            ],
            [
              -118.204883452481,
              34.1202675546959
            ],
            [
              -118.204883120468,
              34.1202668957689
            ],
            [
              -118.204882788455,
              34.1202662368421
            ],
            [
              -118.204882423403,
              34.1202655779713
            ],
            [
              -118.204882058418,
              34.1202649465791
            ],
            [
              -118.204881660325,
              34.1202642877642
            ],
            [
              -118.204881262301,
              34.1202636564281
            ],
            [
              -118.204880864276,
              34.1202630250918
            ],
            [
              -118.204880433211,
              34.1202623938116
            ],
            [
              -118.204879969174,
              34.120261790066
            ],
            [
              -118.20487953811,
              34.1202611587859
            ],
            [
              -118.204879074073,
              34.1202605550402
            ],
            [
              -118.204878576997,
              34.1202599513506
            ],
            [
              -118.204878113027,
              34.1202593750837
            ],
            [
              -118.204877582911,
              34.1202587714502
            ],
            [
              -118.204877085902,
              34.1202581952391
            ],
            [
              -118.204876555921,
              34.1202576465628
            ],
            [
              -118.204876025872,
              34.1202570704079
            ],
            [
              -118.204875462851,
              34.1202565217875
            ],
            [
              -118.20487489983,
              34.1202559731672
            ],
            [
              -118.204874336809,
              34.1202554245469
            ],
            [
              -118.204873740815,
              34.1202549034612
            ],
            [
              -118.204873144822,
              34.1202543823754
            ],
            [
              -118.204872548829,
              34.1202538612897
            ],
            [
              -118.204871919863,
              34.1202533677386
            ],
            [
              -118.204871290897,
              34.1202528741875
            ],
            [
              -118.204870661932,
              34.1202523806364
            ],
            [
              -118.204869999994,
              34.1202519146199
            ],
            [
              -118.204869338056,
              34.1202514486034
            ],
            [
              -118.204868676118,
              34.120250982587
            ],
            [
              -118.204868014247,
              34.1202505440491
            ],
            [
              -118.204867319337,
              34.1202501055672
            ],
            [
              -118.204866624427,
              34.1202496670853
            ],
            [
              -118.204865929584,
              34.1202492560821
            ],
            [
              -118.204865201701,
              34.1202488451348
            ],
            [
              -118.204864473886,
              34.1202484616662
            ],
            [
              -118.204863746003,
              34.120248050719
            ],
            [
              -118.204863018255,
              34.1202476947289
            ],
            [
              -118.204862257401,
              34.1202473113163
            ],
            [
              -118.204861529653,
              34.1202469553262
            ],
            [
              -118.204860768933,
              34.1202466268708
            ],
            [
              -118.204859975173,
              34.1202462984714
            ],
            [
              -118.204859214453,
              34.120245970016
            ],
            [
              -118.20485842076,
              34.1202456690951
            ],
            [
              -118.204857660107,
              34.1202453681184
            ],
            [
              -118.204856866415,
              34.1202450671976
            ],
            [
              -118.20485603975,
              34.1202447938113
            ],
            [
              -118.204855246192,
              34.1202445478478
            ],
            [
              -118.204854452635,
              34.1202443018842
            ],
            [
              -118.204853626037,
              34.1202440559766
            ],
            [
              -118.20485279944,
              34.120243810069
            ],
            [
              -118.204851972977,
              34.1202436191187
            ],
            [
              -118.204851146447,
              34.1202434006896
            ],
            [
              -118.204850319984,
              34.1202432097393
            ],
            [
              -118.204849493521,
              34.1202430187889
            ],
            [
              -118.204848667126,
              34.1202428553172
            ],
            [
              -118.20463942702,
              34.1202027335983
            ],
            [
              -118.20451064361,
              34.1201780283679
            ],
            [
              -118.204381860276,
              34.1201533230004
            ],
            [
              -118.204253077018,
              34.1201286174956
            ],
            [
              -118.204124293903,
              34.1201039393323
            ],
            [
              -118.203995510797,
              34.1200792335531
            ],
            [
              -118.203866727767,
              34.1200545276366
            ],
            [
              -118.203737944814,
              34.120029821583
            ],
            [
              -118.203609194976,
              34.1200051153365
            ],
            [
              -118.203480412174,
              34.1199804090086
            ],
            [
              -118.203351629516,
              34.119955730022
            ],
            [
              -118.203222846867,
              34.1199310234195
            ],
            [
              -118.203094064293,
              34.1199063166799
            ],
            [
              -118.202965281796,
              34.1198816098031
            ],
            [
              -118.202865286926,
              34.1202431230486
            ]
          ]
        ]
      },
      "properties": {
        "OBJECTID": 3897,
        "Zoning": "[Q]C4-1XL",
        "CATEGORY": "Commercial",
        "Shape__Area": 80948.1376953125,
        "Shape__Length": 1463.522551651208
      }
    },
    {
      "type": "Feature",
      "geometry": {
        "type": "Polygon",
        "coordinates": [
          [
            [
              -118.205892567043,
              34.1208093984604
            ],
            [
              -118.206920041539,
              34.1210063425198
            ],
            [
              -118.20701641221,
              34.1206581575618
            ],
            [
              -118.206887726651,
              34.1206335096516
            ],
            [
              -118.206759338662,
              34.1206089160529
            ],
            [
              -118.206630917709,
              34.1205843223743
            ],
            [
              -118.206502529871,
              34.1205597285029
            ],
            [
              -118.206374109069,
              34.1205351345514
            ],
            [
              -118.206245721383,
              34.1205105404072
            ],
            [
              -118.206117300732,
              34.120485946183
            ],
            [
              -118.205988913196,
              34.1204613517659
            ],
            [
              -118.205860525668,
              34.1204367297339
            ],
            [
              -118.205732105244,
              34.1204121351005
            ],
            [
              -118.205603717935,
              34.1203875402743
            ],
            [
              -118.205475297662,
              34.120362945368
            ],
            [
              -118.205346910504,
              34.120338350269
            ],
            [
              -118.205218490382,
              34.1203137550899
            ],
            [
              -118.205090103376,
              34.1202891597182
            ],
            [
              -118.205025029589,
              34.120524158362
            ],
            [
              -118.204993759651,
              34.120637114661
            ],
            [
              -118.205879673276,
              34.1208069232942
            ],
            [
              -118.205892567043,
              34.1208093984604
            ]
          ]
        ]
      },
      "properties": {
        "OBJECTID": 3898,
        "Zoning": "[Q]C4-1XL",
        "CATEGORY": "Commercial",
        "Shape__Area": 77767.521484375,
        "Shape__Length": 1456.5570377279398
      }
    },
    {
      "type": "Feature",
      "geometry": {
        "type": "Polygon",
        "coordinates": [
          [
            [
              -118.200784366299,
              34.121146691347
            ],
            [
              -118.200782138915,
              34.1211547463164
            ],
            [
              -118.200910922662,
              34.1211794280418
            ],
            [
              -118.201039706485,
              34.1212041096299
            ],
            [
              -118.201079439052,
              34.1212117101008
            ],
            [
              -118.201168490384,
              34.1212287910808
            ],
            [
              -118.201297274359,
              34.1212534723946
            ],
            [
              -118.20142605841,
              34.1212781535711
            ],
            [
              -118.201554842538,
              34.1213028346104
            ],
            [
              -118.201683626741,
              34.1213275155125
            ],
            [
              -118.20181241102,
              34.1213521962773
            ],
            [
              -118.201941195376,
              34.1213768769049
            ],
            [
              -118.202069979807,
              34.1214015573954
            ],
            [
              -118.202198764314,
              34.1214262377486
            ],
            [
              -118.202327581938,
              34.1214509179093
            ],
            [
              -118.202427644593,
              34.1210894049896
            ],
            [
              -118.202520206225,
              34.1207551359848
            ],
            [
              -118.202391422656,
              34.1207304559745
            ],
            [
              -118.202262639164,
              34.120705775827
            ],
            [
              -118.202133855681,
              34.1206810680637
            ],
            [
              -118.202005072341,
              34.1206563876418
            ],
            [
              -118.201876289077,
              34.1206317070827
            ],
            [
              -118.201747505888,
              34.1206070263864
            ],
            [
              -118.20161872271,
              34.1205823180743
            ],
            [
              -118.201489939674,
              34.1205576371035
            ],
            [
              -118.201361156714,
              34.1205329559956
            ],
            [
              -118.20123237383,
              34.1205082747504
            ],
            [
              -118.201103590956,
              34.1204835658894
            ],
            [
              -118.201080584646,
              34.1204791800913
            ],
            [
              -118.200974808224,
              34.1204588843699
            ],
            [
              -118.200846025568,
              34.1204342027131
            ],
            [
              -118.200838589845,
              34.1204609793563
            ],
            [
              -118.200709807227,
              34.1204362975544
            ],
            [
              -118.200581156843,
              34.1204116153959
            ],
            [
              -118.200496023962,
              34.1207192162051
            ],
            [
              -118.200395986436,
              34.1210807274671
            ],
            [
              -118.200524538609,
              34.121105382509
            ],
            [
              -118.200653355244,
              34.1211300644539
            ],
            [
              -118.20065558264,
              34.1211220094868
            ],
            [
              -118.200784366299,
              34.121146691347
            ]
          ]
        ]
      },
      "properties": {
        "OBJECTID": 3899,
        "Zoning": "[Q]C4-1XL",
        "CATEGORY": "Commercial",
        "Shape__Area": 154978.873046875,
        "Shape__Length": 1725.6221887817344
      }
    },
    {
      "type": "Feature",
      "geometry": {
        "type": "Polygon",
        "coordinates": [
          [
            [
              -118.207155162626,
              34.1210511405657
            ],
            [
              -118.207080957688,
              34.1213191854236
            ],
            [
              -118.207080695749,
              34.1213201476282
            ],
            [
              -118.207080466783,
              34.1213210822976
            ],
            [
              -118.207080270857,
              34.1213220169104
            ],
            [
              -118.207080074931,
              34.1213229515232
            ],
            [
              -118.207079912112,
              34.1213239135579
            ],
            [
              -118.207079749294,
              34.1213248755927
            ],
            [
              -118.207079619448,
              34.1213258100923
            ],
            [
              -118.20707952271,
              34.1213267720139
            ],
            [
              -118.207079425972,
              34.1213277339355
            ],
            [
              -118.207079362274,
              34.1213286958004
            ],
            [
              -118.207079298509,
              34.1213296301868
            ],
            [
              -118.207079267851,
              34.1213305919952
            ],
            [
              -118.207079270233,
              34.1213315537469
            ],
            [
              -118.207079272615,
              34.1213325154987
            ],
            [
              -118.207079308038,
              34.1213334771938
            ],
            [
              -118.2070793765,
              34.1213344388323
            ],
            [
              -118.207079444963,
              34.1213354004709
            ],
            [
              -118.207079513425,
              34.1213363621094
            ],
            [
              -118.2070796479,
              34.1213372961561
            ],
            [
              -118.207079782442,
              34.1213382576814
            ],
            [
              -118.207079916985,
              34.1213392192068
            ],
            [
              -118.2070800845,
              34.1213401531968
            ],
            [
              -118.207080285123,
              34.121341114609
            ],
            [
              -118.207080485677,
              34.1213420485424
            ],
            [
              -118.207080719272,
              34.1213429824193
            ],
            [
              -118.207080985907,
              34.1213439162396
            ],
            [
              -118.207081252542,
              34.1213448500598
            ],
            [
              -118.207081552217,
              34.1213457838235
            ],
            [
              -118.207081851892,
              34.1213467175871
            ],
            [
              -118.207082184539,
              34.1213476238156
            ],
            [
              -118.207082517187,
              34.121348530044
            ],
            [
              -118.207082882942,
              34.1213494636944
            ],
            [
              -118.207083281601,
              34.121350342331
            ],
            [
              -118.207083680328,
              34.1213512484461
            ],
            [
              -118.207084112096,
              34.1213521545047
            ],
            [
              -118.207084543795,
              34.1213530330847
            ],
            [
              -118.207085008535,
              34.1213539116081
            ],
            [
              -118.207085473274,
              34.1213547901314
            ],
            [
              -118.207085970986,
              34.1213556411195
            ],
            [
              -118.207086501805,
              34.1213565195296
            ],
            [
              -118.207087032557,
              34.1213573704611
            ],
            [
              -118.207087596281,
              34.1213581938574
            ],
            [
              -118.207088160073,
              34.1213590447323
            ],
            [
              -118.207088723796,
              34.1213598681285
            ],
            [
              -118.207089353532,
              34.121360663933
            ],
            [
              -118.207089950296,
              34.1213614872726
            ],
            [
              -118.207090580032,
              34.121362283077
            ],
            [
              -118.207091242808,
              34.1213630788248
            ],
            [
              -118.207091905516,
              34.121363847094
            ],
            [
              -118.207092601264,
              34.1213646153065
            ],
            [
              -118.207093297012,
              34.1213653835191
            ],
            [
              -118.207094025732,
              34.1213661241964
            ],
            [
              -118.207094754452,
              34.1213668648736
            ],
            [
              -118.207095516212,
              34.1213676054943
            ],
            [
              -118.207096277904,
              34.1213683186364
            ],
            [
              -118.207097039596,
              34.1213690317784
            ],
            [
              -118.207097834261,
              34.1213697173853
            ],
            [
              -118.207098661965,
              34.1213704029355
            ],
            [
              -118.207099489669,
              34.1213710884856
            ],
            [
              -118.207100317306,
              34.1213717465572
            ],
            [
              -118.207101177914,
              34.1213723770935
            ],
            [
              -118.20710203859,
              34.1213730351084
            ],
            [
              -118.207102899131,
              34.1213736381661
            ],
            [
              -118.207103792779,
              34.1213742686458
            ],
            [
              -118.207104719331,
              34.1213748441116
            ],
            [
              -118.207105612912,
              34.1213754471127
            ],
            [
              -118.207106539396,
              34.1213759950999
            ],
            [
              -118.207107498989,
              34.1213765705091
            ],
            [
              -118.207108425473,
              34.1213771184963
            ],
            [
              -118.20710938493,
              34.1213776389482
            ],
            [
              -118.207110377426,
              34.1213781593435
            ],
            [
              -118.207111369855,
              34.1213786522601
            ],
            [
              -118.207112362283,
              34.1213791451768
            ],
            [
              -118.207113354644,
              34.1213796106149
            ],
            [
              -118.207114380044,
              34.1213800759962
            ],
            [
              -118.207115405377,
              34.121380513899
            ],
            [
              -118.207116430641,
              34.1213809243231
            ],
            [
              -118.207117455905,
              34.1213813347473
            ],
            [
              -118.20711851421,
              34.1213817451148
            ],
            [
              -118.207119572446,
              34.1213821280037
            ],
            [
              -118.207120630615,
              34.121382483414
            ],
            [
              -118.207121721823,
              34.1213828387676
            ],
            [
              -118.207122779924,
              34.1213831666991
            ],
            [
              -118.207123871064,
              34.1213834945742
            ],
            [
              -118.207124962137,
              34.1213837949705
            ],
            [
              -118.207126086249,
              34.1213840953102
            ],
            [
              -118.207127177253,
              34.1213843682279
            ],
            [
              -118.20712830123,
              34.1213846136104
            ],
            [
              -118.207129425206,
              34.1213848589928
            ],
            [
              -118.207130516074,
              34.1213850769532
            ],
            [
              -118.207153060253,
              34.1213894074354
            ],
            [
              -118.207282209888,
              34.1214141641847
            ],
            [
              -118.207410632376,
              34.1214387846505
            ],
            [
              -118.207411359599,
              34.1214389207962
            ],
            [
              -118.207540476347,
              34.1214636773264
            ],
            [
              -118.207533075718,
              34.1214904543254
            ],
            [
              -118.207662192581,
              34.1215152107256
            ],
            [
              -118.207687050726,
              34.1215199767923
            ],
            [
              -118.207791342629,
              34.1215399944097
            ],
            [
              -118.207920492686,
              34.1215647504771
            ],
            [
              -118.208049609779,
              34.1215895064635
            ],
            [
              -118.208178759988,
              34.121614262255
            ],
            [
              -118.208307910274,
              34.1216390179085
            ],
            [
              -118.208311610472,
              34.1216256293853
            ],
            [
              -118.208405324652,
              34.1216436037984
            ],
            [
              -118.208401624469,
              34.1216569923246
            ],
            [
              -118.208437027597,
              34.121663773481
            ],
            [
              -118.208566178104,
              34.1216885563373
            ],
            [
              -118.20869532862,
              34.1217133115768
            ],
            [
              -118.208824446171,
              34.1217380667355
            ],
            [
              -118.208953696029,
              34.1217628490064
            ],
            [
              -118.209050097239,
              34.1214150487736
            ],
            [
              -118.208920715524,
              34.1213901843986
            ],
            [
              -118.208791598412,
              34.1213654018644
            ],
            [
              -118.208662481309,
              34.1213405917136
            ],
            [
              -118.20853333131,
              34.1213158089606
            ],
            [
              -118.20840421436,
              34.1212909985339
            ],
            [
              -118.208275097554,
              34.121266215448
            ],
            [
              -118.208145947717,
              34.1212414048024
            ],
            [
              -118.208016831065,
              34.1212166214406
            ],
            [
              -118.20788771449,
              34.1211918379408
            ],
            [
              -118.207758564882,
              34.1211670268813
            ],
            [
              -118.207687593758,
              34.1211533820087
            ],
            [
              -118.20762944846,
              34.1211422431057
            ],
            [
              -118.207500332046,
              34.1211174317136
            ],
            [
              -118.207371182737,
              34.1210926477188
            ],
            [
              -118.207242066476,
              34.1210678360508
            ],
            [
              -118.207155162626,
              34.1210511405657
            ]
          ]
        ]
      },
      "properties": {
        "OBJECTID": 3900,
        "Zoning": "[Q]C4-1XL",
        "CATEGORY": "Commercial",
        "Shape__Area": 74808.8037109375,
        "Shape__Length": 1438.599486845633
      }
    },
    {
      "type": "Feature",
      "geometry": {
        "type": "Polygon",
        "coordinates": [
          [
            [
              -118.202620825012,
              34.1211264506503
            ],
            [
              -118.202520758956,
              34.1214879379761
            ],
            [
              -118.202649510756,
              34.121512645383
            ],
            [
              -118.202778295605,
              34.1215373251188
            ],
            [
              -118.202907080598,
              34.121562032196
            ],
            [
              -118.2030358656,
              34.1215867116574
            ],
            [
              -118.203164650744,
              34.1216114184602
            ],
            [
              -118.203293435965,
              34.1216361251257
            ],
            [
              -118.203422221195,
              34.1216608041754
            ],
            [
              -118.203551006568,
              34.1216855105665
            ],
            [
              -118.20367979195,
              34.1217101893418
            ],
            [
              -118.203808577475,
              34.1217348954586
            ],
            [
              -118.203937363009,
              34.1217595739594
            ],
            [
              -118.204066148686,
              34.1217842798017
            ],
            [
              -118.20419493444,
              34.1218089855068
            ],
            [
              -118.204323720202,
              34.121833663596
            ],
            [
              -118.204451977194,
              34.1218582600064
            ],
            [
              -118.204552167559,
              34.1214967931808
            ],
            [
              -118.202620825012,
              34.1211264506503
            ]
          ]
        ]
      },
      "properties": {
        "OBJECTID": 3901,
        "Zoning": "[Q]C4-1XL",
        "CATEGORY": "Commercial",
        "Shape__Area": 80978.3076171875,
        "Shape__Length": 1469.7067936383132
      }
    },
    {
      "type": "Feature",
      "geometry": {
        "type": "Polygon",
        "coordinates": [
          [
            [
              -118.204741601954,
              34.1215473682034
            ],
            [
              -118.204645156161,
              34.1218953041566
            ],
            [
              -118.204773545571,
              34.1219199274807
            ],
            [
              -118.204901935057,
              34.1219445506683
            ],
            [
              -118.20503032455,
              34.121969146241
            ],
            [
              -118.205158747227,
              34.1219937690998
            ],
            [
              -118.20528713694,
              34.1220183918784
            ],
            [
              -118.205415526728,
              34.1220430145205
            ],
            [
              -118.205543949632,
              34.1220676369701
            ],
            [
              -118.205672339571,
              34.1220922593395
            ],
            [
              -118.205800729518,
              34.1221168540939
            ],
            [
              -118.205929119609,
              34.1221414761905
            ],
            [
              -118.206057542815,
              34.1221660980945
            ],
            [
              -118.206185933057,
              34.1221907199183
            ],
            [
              -118.206314323374,
              34.1222153416058
            ],
            [
              -118.206442713767,
              34.1222399631569
            ],
            [
              -118.206571765317,
              34.1222646933568
            ],
            [
              -118.206668110314,
              34.1219166443897
            ],
            [
              -118.204741601954,
              34.1215473682034
            ]
          ]
        ]
      },
      "properties": {
        "OBJECTID": 3902,
        "Zoning": "[Q]C4-1XL",
        "CATEGORY": "Commercial",
        "Shape__Area": 77764.6806640625,
        "Shape__Length": 1456.681255336336
      }
    },
    {
      "type": "Feature",
      "geometry": {
        "type": "Polygon",
        "coordinates": [
          [
            [
              -118.208797959671,
              34.1223248935016
            ],
            [
              -118.208890628947,
              34.1219904545073
            ],
            [
              -118.208760915917,
              34.1219655630533
            ],
            [
              -118.208764616057,
              34.1219521745161
            ],
            [
              -118.208635531301,
              34.1219274467149
            ],
            [
              -118.208506479593,
              34.1219026912403
            ],
            [
              -118.208502779414,
              34.1219160797696
            ],
            [
              -118.208373694723,
              34.1218913242102
            ],
            [
              -118.208377394922,
              34.1218779356849
            ],
            [
              -118.208248310327,
              34.1218531799916
            ],
            [
              -118.208119258917,
              34.1218284515822
            ],
            [
              -118.207990174474,
              34.1218036956132
            ],
            [
              -118.207861090109,
              34.1217789395064
            ],
            [
              -118.207732038928,
              34.1217542106836
            ],
            [
              -118.207686718965,
              34.1217455228499
            ],
            [
              -118.207602954715,
              34.1217294543011
            ],
            [
              -118.207473870578,
              34.1217046977808
            ],
            [
              -118.207344819626,
              34.1216799685446
            ],
            [
              -118.207215735643,
              34.1216552117486
            ],
            [
              -118.207150747399,
              34.1216427378882
            ],
            [
              -118.207086651736,
              34.1216304548147
            ],
            [
              -118.206957567905,
              34.121605697743
            ],
            [
              -118.206868691089,
              34.1219268290386
            ],
            [
              -118.206861290203,
              34.1219536059968
            ],
            [
              -118.206990374542,
              34.1219783631716
            ],
            [
              -118.20711945889,
              34.1220030927298
            ],
            [
              -118.207248510342,
              34.1220278496855
            ],
            [
              -118.207377594911,
              34.1220526064468
            ],
            [
              -118.207506679488,
              34.1220773355915
            ],
            [
              -118.207635731169,
              34.1221020921339
            ],
            [
              -118.207686175038,
              34.1221117604172
            ],
            [
              -118.207764815899,
              34.1221268210029
            ],
            [
              -118.207893900773,
              34.1221515772128
            ],
            [
              -118.208022952684,
              34.1221763333417
            ],
            [
              -118.208152037643,
              34.1222010617973
            ],
            [
              -118.208281122747,
              34.1222258175936
            ],
            [
              -118.208410207858,
              34.1222505457735
            ],
            [
              -118.208539260075,
              34.1222753013511
            ],
            [
              -118.208668345408,
              34.122300056734
            ],
            [
              -118.208797959671,
              34.1223248935016
            ]
          ]
        ]
      },
      "properties": {
        "OBJECTID": 3903,
        "Zoning": "[Q]C4-1XL",
        "CATEGORY": "Commercial",
        "Shape__Area": 77745.201171875,
        "Shape__Length": 1472.8981384659212
      }
    },
    {
      "type": "Feature",
      "geometry": {
        "type": "Polygon",
        "coordinates": [
          [
            [
              -118.209243178718,
              34.1214523330531
            ],
            [
              -118.209146844005,
              34.1217999959328
            ],
            [
              -118.209275631215,
              34.1218246687455
            ],
            [
              -118.209404418502,
              34.1218493414208
            ],
            [
              -118.209533238904,
              34.1218740139018
            ],
            [
              -118.209662026274,
              34.121898658824
            ],
            [
              -118.209790813788,
              34.1219233310877
            ],
            [
              -118.209919601378,
              34.1219480032142
            ],
            [
              -118.210048389044,
              34.1219726752035
            ],
            [
              -118.210177176718,
              34.121997319577
            ],
            [
              -118.210305964536,
              34.1220219912918
            ],
            [
              -118.21043475243,
              34.1220466628694
            ],
            [
              -118.210563573441,
              34.1220713342522
            ],
            [
              -118.210692361487,
              34.1220960055554
            ],
            [
              -118.21082114954,
              34.1221206492427
            ],
            [
              -118.210949937739,
              34.1221453202714
            ],
            [
              -118.211078726013,
              34.1221699911629
            ],
            [
              -118.211207514363,
              34.1221946619172
            ],
            [
              -118.211214946919,
              34.1221678846349
            ],
            [
              -118.211343735306,
              34.122192555244
            ],
            [
              -118.21156091707,
              34.1222341353236
            ],
            [
              -118.211561120718,
              34.1222623831133
            ],
            [
              -118.211681876556,
              34.1222855011342
            ],
            [
              -118.211826763838,
              34.1223132481305
            ],
            [
              -118.212003848394,
              34.1223471486774
            ],
            [
              -118.212099942177,
              34.1220001159296
            ],
            [
              -118.211971153793,
              34.1219754186478
            ],
            [
              -118.211922858177,
              34.1219661605665
            ],
            [
              -118.211842365485,
              34.1219507212287
            ],
            [
              -118.211777971325,
              34.1219383587285
            ],
            [
              -118.211713577254,
              34.1219260236725
            ],
            [
              -118.211584789098,
              34.121901325979
            ],
            [
              -118.21155854223,
              34.1218962883568
            ],
            [
              -118.2114324979,
              34.1218721352732
            ],
            [
              -118.211303709911,
              34.1218474372803
            ],
            [
              -118.211174921998,
              34.1218227391501
            ],
            [
              -118.211046167201,
              34.1217980408251
            ],
            [
              -118.21091737944,
              34.1217733424205
            ],
            [
              -118.210788591824,
              34.1217486713573
            ],
            [
              -118.210659804215,
              34.1217239726783
            ],
            [
              -118.210531016682,
              34.1216992738621
            ],
            [
              -118.210402229226,
              34.1216745749087
            ],
            [
              -118.210273441845,
              34.1216498758181
            ],
            [
              -118.210144654541,
              34.1216251765902
            ],
            [
              -118.210015900422,
              34.1216005046463
            ],
            [
              -118.209887113269,
              34.1215758051441
            ],
            [
              -118.209758326193,
              34.1215511055046
            ],
            [
              -118.209629539193,
              34.1215264057278
            ],
            [
              -118.209500752269,
              34.1215017058139
            ],
            [
              -118.209371965421,
              34.1214770057628
            ],
            [
              -118.209243178718,
              34.1214523330531
            ]
          ]
        ]
      },
      "properties": {
        "OBJECTID": 3904,
        "Zoning": "[Q]C4-1XL",
        "CATEGORY": "Commercial",
        "Shape__Area": 114020.5107421875,
        "Shape__Length": 2051.9850874510103
      }
    },
    {
      "type": "Feature",
      "geometry": {
        "type": "Polygon",
        "coordinates": [
          [
            [
              -118.212323049405,
              34.1219290763575
            ],
            [
              -118.212317516258,
              34.1219490356439
            ],
            [
              -118.212323962262,
              34.1219502608636
            ],
            [
              -118.212222008937,
              34.1223184627108
            ],
            [
              -118.212259206,
              34.1223678866062
            ],
            [
              -118.212405515057,
              34.1223959051999
            ],
            [
              -118.212406572912,
              34.1223961231708
            ],
            [
              -118.212399140718,
              34.1224229005265
            ],
            [
              -118.212559069321,
              34.1224535329591
            ],
            [
              -118.212720055898,
              34.1224843831483
            ],
            [
              -118.212727487994,
              34.1224576057728
            ],
            [
              -118.212888474641,
              34.1224884557376
            ],
            [
              -118.212881042593,
              34.1225152331231
            ],
            [
              -118.213042029408,
              34.1225460828834
            ],
            [
              -118.213049461407,
              34.1225193054881
            ],
            [
              -118.213210448292,
              34.1225501550241
            ],
            [
              -118.213203016341,
              34.1225769324293
            ],
            [
              -118.213364003394,
              34.1226077817609
            ],
            [
              -118.213524990565,
              34.122638630878
            ],
            [
              -118.213621472185,
              34.1222905520298
            ],
            [
              -118.213460485648,
              34.1222597030415
            ],
            [
              -118.213299499231,
              34.1222288538387
            ],
            [
              -118.213138512932,
              34.1221980044216
            ],
            [
              -118.21314407859,
              34.1221779076462
            ],
            [
              -118.212822106493,
              34.1221162356621
            ],
            [
              -118.212825773088,
              34.122102902016
            ],
            [
              -118.212664787277,
              34.1220720794465
            ],
            [
              -118.212685184144,
              34.1219984280064
            ],
            [
              -118.212524198585,
              34.1219676052498
            ],
            [
              -118.212329462368,
              34.121930301635
            ],
            [
              -118.212323049405,
              34.1219290763575
            ]
          ]
        ]
      },
      "properties": {
        "OBJECTID": 3907,
        "Zoning": "[Q]C4-1XL",
        "CATEGORY": "Commercial",
        "Shape__Area": 57440.4765625,
        "Shape__Length": 1196.0796119958793
      }
    },
    {
      "type": "Feature",
      "geometry": {
        "type": "Polygon",
        "coordinates": [
          [
            [
              -118.179872700311,
              34.113407842625
            ],
            [
              -118.179614460557,
              34.1136129156714
            ],
            [
              -118.179807942723,
              34.1136820666789
            ],
            [
              -118.179990051689,
              34.1137471674659
            ],
            [
              -118.180172160939,
              34.1138122679787
            ],
            [
              -118.180354270473,
              34.1138773682171
            ],
            [
              -118.180536413386,
              34.1139424956105
            ],
            [
              -118.180718523487,
              34.1140075953003
            ],
            [
              -118.180900633871,
              34.1140726947157
            ],
            [
              -118.181082744539,
              34.1141377938569
            ],
            [
              -118.18126783117,
              34.1142039599306
            ],
            [
              -118.181344074572,
              34.1142312418325
            ],
            [
              -118.1813451326,
              34.114231624947
            ],
            [
              -118.181346223605,
              34.1142319805333
            ],
            [
              -118.181347281514,
              34.1142323086904
            ],
            [
              -118.18134837246,
              34.114232636798
            ],
            [
              -118.181349463346,
              34.114232937427
            ],
            [
              -118.181350554233,
              34.114233238056
            ],
            [
              -118.181351678097,
              34.1142335111567
            ],
            [
              -118.181352768924,
              34.114233784307
            ],
            [
              -118.181353892728,
              34.1142340299291
            ],
            [
              -118.181355016473,
              34.1142342480726
            ],
            [
              -118.181356140218,
              34.114234466216
            ],
            [
              -118.181357263903,
              34.1142346568808
            ],
            [
              -118.181358387589,
              34.1142348475456
            ],
            [
              -118.181359544192,
              34.1142349832035
            ],
            [
              -118.181360667818,
              34.1142351463896
            ],
            [
              -118.181361824421,
              34.1142352820476
            ],
            [
              -118.181362980965,
              34.1142353902269
            ],
            [
              -118.181364104412,
              34.1142354709771
            ],
            [
              -118.181365260896,
              34.1142355516777
            ],
            [
              -118.181366417381,
              34.1142356323783
            ],
            [
              -118.181367573746,
              34.1142356581217
            ],
            [
              -118.18136873017,
              34.1142357113436
            ],
            [
              -118.181369886476,
              34.1142357096083
            ],
            [
              -118.181371042781,
              34.114235707873
            ],
            [
              -118.181372199027,
              34.114235678659
            ],
            [
              -118.181373322235,
              34.1142356494947
            ],
            [
              -118.181374478422,
              34.1142355928021
            ],
            [
              -118.181375634608,
              34.1142355361094
            ],
            [
              -118.181376790675,
              34.1142354244595
            ],
            [
              -118.181377946801,
              34.1142353402883
            ],
            [
              -118.181379069771,
              34.1142352012093
            ],
            [
              -118.181380225779,
              34.1142350620808
            ],
            [
              -118.181381348749,
              34.1142349230018
            ],
            [
              -118.181382504697,
              34.1142347563946
            ],
            [
              -118.181383627547,
              34.1142345623583
            ],
            [
              -118.181384750398,
              34.114234368322
            ],
            [
              -118.181385873189,
              34.1142341468071
            ],
            [
              -118.181386995921,
              34.1142338978136
            ],
            [
              -118.181388118652,
              34.11423364882
            ],
            [
              -118.181389208287,
              34.1142333723974
            ],
            [
              -118.181390330959,
              34.1142330959252
            ],
            [
              -118.181391420534,
              34.1142327920239
            ],
            [
              -118.181392510109,
              34.1142324881226
            ],
            [
              -118.181393599624,
              34.1142321567427
            ],
            [
              -118.181394656043,
              34.1142317979338
            ],
            [
              -118.181395712461,
              34.1142314391248
            ],
            [
              -118.181396801857,
              34.1142310527876
            ],
            [
              -118.181397825179,
              34.1142306665495
            ],
            [
              -118.181398881478,
              34.1142302527833
            ],
            [
              -118.18139990474,
              34.1142298390666
            ],
            [
              -118.181400927942,
              34.1142293978712
            ],
            [
              -118.181401951085,
              34.1142289291973
            ],
            [
              -118.181402974227,
              34.1142284605234
            ],
            [
              -118.181403964332,
              34.114227991899
            ],
            [
              -118.181404954378,
              34.1142274957959
            ],
            [
              -118.181405911327,
              34.1142269722639
            ],
            [
              -118.181406901313,
              34.1142264486822
            ],
            [
              -118.181407825165,
              34.1142258977211
            ],
            [
              -118.181408782054,
              34.1142253467103
            ],
            [
              -118.181409705905,
              34.1142247957492
            ],
            [
              -118.181410629698,
              34.1142242173094
            ],
            [
              -118.18141155343,
              34.114223611391
            ],
            [
              -118.181412444125,
              34.1142230055222
            ],
            [
              -118.181413301783,
              34.1142223997029
            ],
            [
              -118.181414192419,
              34.1142217663554
            ],
            [
              -118.18141501692,
              34.1142211056285
            ],
            [
              -118.181415874458,
              34.114220444852
            ],
            [
              -118.18141669896,
              34.1142197841251
            ],
            [
              -118.181417523401,
              34.1142190959195
            ],
            [
              -118.181418314806,
              34.1142184077635
            ],
            [
              -118.18141910615,
              34.1142176921289
            ],
            [
              -118.181419864458,
              34.1142169765439
            ],
            [
              -118.181420622765,
              34.1142162609588
            ],
            [
              -118.181421347976,
              34.1142155179448
            ],
            [
              -118.181422073186,
              34.1142147749307
            ],
            [
              -118.1814227653,
              34.1142140044876
            ],
            [
              -118.181423457413,
              34.1142132340445
            ],
            [
              -118.181424149527,
              34.1142124636013
            ],
            [
              -118.181424808543,
              34.1142116657291
            ],
            [
              -118.181425434522,
              34.1142108679066
            ],
            [
              -118.181426060502,
              34.114210070084
            ],
            [
              -118.181426686421,
              34.1142092447828
            ],
            [
              -118.181427246266,
              34.1142084195808
            ],
            [
              -118.181427839149,
              34.1142075943292
            ],
            [
              -118.181428398994,
              34.1142067691271
            ],
            [
              -118.181428925742,
              34.1142059164961
            ],
            [
              -118.181429682856,
              34.1142046513384
            ],
            [
              -118.181459634902,
              34.1141530562927
            ],
            [
              -118.181517070219,
              34.1140540741311
            ],
            [
              -118.181268238494,
              34.1139651692523
            ],
            [
              -118.18119758311,
              34.1139399398291
            ],
            [
              -118.181255084367,
              34.1138408203004
            ],
            [
              -118.181069024516,
              34.1137825420594
            ],
            [
              -118.18097715179,
              34.1137537720615
            ],
            [
              -118.180882931888,
              34.1137242635815
            ],
            [
              -118.180765140571,
              34.1136873710333
            ],
            [
              -118.180696872556,
              34.1136659847678
            ],
            [
              -118.180510780447,
              34.113607705717
            ],
            [
              -118.180324721634,
              34.1135494263305
            ],
            [
              -118.180138629984,
              34.1134911192282
            ],
            [
              -118.180005565882,
              34.1134494399294
            ],
            [
              -118.179872700311,
              34.113407842625
            ]
          ]
        ]
      },
      "properties": {
        "OBJECTID": 3985,
        "Zoning": "[Q]C4-1XL-HPOZ",
        "CATEGORY": "Commercial",
        "Shape__Area": 59100.9892578125,
        "Shape__Length": 1361.7262940016496
      }
    },
    {
      "type": "Feature",
      "geometry": {
        "type": "Polygon",
        "coordinates": [
          [
            [
              -118.185208452201,
              34.1157042862513
            ],
            [
              -118.184974419275,
              34.1159021067713
            ],
            [
              -118.185057258011,
              34.1159972212069
            ],
            [
              -118.18515417394,
              34.1161084989882
            ],
            [
              -118.18525105709,
              34.1162197767426
            ],
            [
              -118.185347973536,
              34.1163310543691
            ],
            [
              -118.185444857262,
              34.1164423594476
            ],
            [
              -118.185541774224,
              34.1165536369194
            ],
            [
              -118.185639453337,
              34.1166658199414
            ],
            [
              -118.185736337778,
              34.1167770973086
            ],
            [
              -118.186020353992,
              34.1166367113543
            ],
            [
              -118.185923469335,
              34.1165254342153
            ],
            [
              -118.185825756967,
              34.1164132514741
            ],
            [
              -118.185728872767,
              34.116301946701
            ],
            [
              -118.185631955848,
              34.1161906693801
            ],
            [
              -118.185535072225,
              34.116079391931
            ],
            [
              -118.185438155822,
              34.1159681144554
            ],
            [
              -118.185341272715,
              34.1158568368517
            ],
            [
              -118.185263733377,
              34.1157678147637
            ],
            [
              -118.185208452201,
              34.1157042862513
            ]
          ]
        ]
      },
      "properties": {
        "OBJECTID": 3986,
        "Zoning": "[Q]C4-1XL-HPOZ",
        "CATEGORY": "Commercial",
        "Shape__Area": 40439.580078125,
        "Shape__Length": 1013.1325798994119
      }
    },
    {
      "type": "Feature",
      "geometry": {
        "type": "Polygon",
        "coordinates": [
          [
            [
              -118.186196219437,
              34.1167415741346
            ],
            [
              -118.185853063207,
              34.1169111789085
            ],
            [
              -118.18594991524,
              34.1170224836348
            ],
            [
              -118.186047562471,
              34.1171346938578
            ],
            [
              -118.186143719378,
              34.1172451751386
            ],
            [
              -118.18614444806,
              34.117245998378
            ],
            [
              -118.186150476177,
              34.1172527763382
            ],
            [
              -118.186157364947,
              34.117260294898
            ],
            [
              -118.186164418666,
              34.1172677032884
            ],
            [
              -118.186171637334,
              34.1172750015095
            ],
            [
              -118.186178987912,
              34.1172821896119
            ],
            [
              -118.18618650344,
              34.117289267545
            ],
            [
              -118.186194150939,
              34.1172962628381
            ],
            [
              -118.186201963326,
              34.117303120483
            ],
            [
              -118.186209907624,
              34.1173098680094
            ],
            [
              -118.18621801687,
              34.1173165053661
            ],
            [
              -118.186226224928,
              34.1173230051765
            ],
            [
              -118.186234597995,
              34.1173294222958
            ],
            [
              -118.186243102851,
              34.1173356743391
            ],
            [
              -118.18625170664,
              34.1173418437932
            ],
            [
              -118.186258920118,
              34.1173468063256
            ],
            [
              -118.186269342743,
              34.1173537423796
            ],
            [
              -118.186278342141,
              34.11735952652
            ],
            [
              -118.186287473326,
              34.1173651455842
            ],
            [
              -118.186296703384,
              34.1173706545804
            ],
            [
              -118.186306032253,
              34.11737602603
            ],
            [
              -118.186315492909,
              34.1173812324034
            ],
            [
              -118.186325085476,
              34.1173863286577
            ],
            [
              -118.186334743814,
              34.1173912874163
            ],
            [
              -118.186344533941,
              34.1173960810986
            ],
            [
              -118.186354389901,
              34.1174007647637
            ],
            [
              -118.186364377648,
              34.1174052833524
            ],
            [
              -118.186374431168,
              34.1174096644452
            ],
            [
              -118.186384616475,
              34.1174138804616
            ],
            [
              -118.186394834576,
              34.1174179865117
            ],
            [
              -118.186405184404,
              34.1174219000067
            ],
            [
              -118.186415567027,
              34.1174257035353
            ],
            [
              -118.186422841146,
              34.1174282203579
            ],
            [
              -118.186436628457,
              34.1174327880372
            ],
            [
              -118.186447274349,
              34.1174361240187
            ],
            [
              -118.186457952913,
              34.1174392950765
            ],
            [
              -118.186468730225,
              34.1174423011087
            ],
            [
              -118.18647954027,
              34.1174451696957
            ],
            [
              -118.186490449064,
              34.1174478732571
            ],
            [
              -118.18650139053,
              34.1174504118947
            ],
            [
              -118.186512364667,
              34.1174527856086
            ],
            [
              -118.186523404575,
              34.1174550218263
            ],
            [
              -118.186534906778,
              34.1174571474147
            ],
            [
              -118.186549780081,
              34.1174597898943
            ],
            [
              -118.186775953614,
              34.1174999991718
            ],
            [
              -118.187093482767,
              34.1175564714376
            ],
            [
              -118.186851050707,
              34.1172191879239
            ],
            [
              -118.186763954645,
              34.1170980314581
            ],
            [
              -118.186811147833,
              34.1170747939559
            ],
            [
              -118.186714758419,
              34.1169640662564
            ],
            [
              -118.186713864051,
              34.1169630234466
            ],
            [
              -118.186617905436,
              34.1168527621433
            ],
            [
              -118.186504312375,
              34.116908911651
            ],
            [
              -118.186390719163,
              34.116965061052
            ],
            [
              -118.18629307173,
              34.1168528785853
            ],
            [
              -118.186196219437,
              34.1167415741346
            ]
          ]
        ]
      },
      "properties": {
        "OBJECTID": 3987,
        "Zoning": "[Q]C4-1XL-HPOZ",
        "CATEGORY": "Commercial",
        "Shape__Area": 51385.3505859375,
        "Shape__Length": 1079.4057201611467
      }
    },
    {
      "type": "Feature",
      "geometry": {
        "type": "Polygon",
        "coordinates": [
          [
            [
              -118.188207654947,
              34.1116893256989
            ],
            [
              -118.188058515683,
              34.1114779442462
            ],
            [
              -118.187940132779,
              34.1113101509923
            ],
            [
              -118.187880444451,
              34.1112255818662
            ],
            [
              -118.187762725081,
              34.1110587216858
            ],
            [
              -118.187237266985,
              34.1113161881857
            ],
            [
              -118.187195856599,
              34.1114713697102
            ],
            [
              -118.187204095042,
              34.11147690765
            ],
            [
              -118.187341006776,
              34.1115694911242
            ],
            [
              -118.187812917019,
              34.1118867698791
            ],
            [
              -118.187879377853,
              34.1118535547162
            ],
            [
              -118.188207654947,
              34.1116893256989
            ]
          ]
        ]
      },
      "properties": {
        "OBJECTID": 3998,
        "Zoning": "[Q]C4-2D",
        "CATEGORY": "Commercial",
        "Shape__Area": 49461.54296875,
        "Shape__Length": 888.2582808348399
      }
    },
    {
      "type": "Feature",
      "geometry": {
        "type": "Polygon",
        "coordinates": [
          [
            [
              -118.187301040796,
              34.1118827555235
            ],
            [
              -118.187248714243,
              34.1119284512864
            ],
            [
              -118.187242627753,
              34.1119544830648
            ],
            [
              -118.187212587375,
              34.1120827178347
            ],
            [
              -118.187203670741,
              34.1121136726864
            ],
            [
              -118.18720317907,
              34.1121154046074
            ],
            [
              -118.187192948353,
              34.1121496589402
            ],
            [
              -118.187181990393,
              34.1121837220477
            ],
            [
              -118.187174769489,
              34.1122047819315
            ],
            [
              -118.187170338351,
              34.1122176488355
            ],
            [
              -118.187164198049,
              34.1122344203647
            ],
            [
              -118.187157959066,
              34.1122513843974
            ],
            [
              -118.187144885634,
              34.1122849561608
            ],
            [
              -118.187131117933,
              34.1123183091679
            ],
            [
              -118.187129869003,
              34.1123211963675
            ],
            [
              -118.187116656023,
              34.1123514708974
            ],
            [
              -118.187101466805,
              34.1123844139214
            ],
            [
              -118.187085616352,
              34.1124171381373
            ],
            [
              -118.187078018289,
              34.1124320708446
            ],
            [
              -118.187069071564,
              34.1124496161175
            ],
            [
              -118.187051832442,
              34.1124818478617
            ],
            [
              -118.187033965058,
              34.1125138332673
            ],
            [
              -118.187019846194,
              34.1125379264765
            ],
            [
              -118.187015370239,
              34.1125455450086
            ],
            [
              -118.186996147157,
              34.1125770104108
            ],
            [
              -118.18697626259,
              34.1126081470887
            ],
            [
              -118.186955749759,
              34.1126390374268
            ],
            [
              -118.186948412014,
              34.1126522110851
            ],
            [
              -118.186928206445,
              34.112687552496
            ],
            [
              -118.186906779545,
              34.1127233629306
            ],
            [
              -118.186884625143,
              34.1127588722205
            ],
            [
              -118.186861743116,
              34.112794025408
            ],
            [
              -118.186838100549,
              34.1128288775011
            ],
            [
              -118.186813730295,
              34.1128633460124
            ],
            [
              -118.186788665512,
              34.1128974858475
            ],
            [
              -118.186762873039,
              34.1129312421
            ],
            [
              -118.186736385914,
              34.1129646147182
            ],
            [
              -118.186709171099,
              34.1129976037527
            ],
            [
              -118.187030092255,
              34.1127172367508
            ],
            [
              -118.187041467723,
              34.1127072993274
            ],
            [
              -118.187132570231,
              34.1126276898337
            ],
            [
              -118.187223705603,
              34.1125480802204
            ],
            [
              -118.187314807764,
              34.1124684705898
            ],
            [
              -118.187383159049,
              34.1124087632834
            ],
            [
              -118.187405942788,
              34.1123888608394
            ],
            [
              -118.187474294004,
              34.1123291809602
            ],
            [
              -118.187497044664,
              34.1123092785503
            ],
            [
              -118.187588179342,
              34.1122296686629
            ],
            [
              -118.187679280809,
              34.1121500587582
            ],
            [
              -118.187736223237,
              34.1121002887873
            ],
            [
              -118.187731935271,
              34.1120444586883
            ],
            [
              -118.187642965135,
              34.1119843635086
            ],
            [
              -118.187425208537,
              34.1119196592894
            ],
            [
              -118.187366893324,
              34.111902328207
            ],
            [
              -118.187301040796,
              34.1118827555235
            ]
          ]
        ]
      },
      "properties": {
        "OBJECTID": 3999,
        "Zoning": "[Q]C4-2D",
        "CATEGORY": "Commercial",
        "Shape__Area": 31033.830078125,
        "Shape__Length": 1064.1604682501704
      }
    },
    {
      "type": "Feature",
      "geometry": {
        "type": "Polygon",
        "coordinates": [
          [
            [
              -118.202379843307,
              34.1054243561549
            ],
            [
              -118.202169000403,
              34.1051290380303
            ],
            [
              -118.201864230052,
              34.1052794164855
            ],
            [
              -118.201580146357,
              34.1054196200157
            ],
            [
              -118.201295665766,
              34.1055600158893
            ],
            [
              -118.201300737014,
              34.1055670969519
            ],
            [
              -118.201103691898,
              34.1056643424882
            ],
            [
              -118.201059247766,
              34.105686262028
            ],
            [
              -118.201041908535,
              34.1057427321716
            ],
            [
              -118.201103460194,
              34.1058289678986
            ],
            [
              -118.201264516109,
              34.1060546572979
            ],
            [
              -118.201548602491,
              34.1059144545069
            ],
            [
              -118.201506440671,
              34.1058553631306
            ],
            [
              -118.201790987981,
              34.1057149666491
            ],
            [
              -118.202075072326,
              34.1055747626218
            ],
            [
              -118.202379843307,
              34.1054243561549
            ]
          ]
        ]
      },
      "properties": {
        "OBJECTID": 4030,
        "Zoning": "[Q]C4-2D-HPOZ",
        "CATEGORY": "Commercial",
        "Shape__Area": 53013.7939453125,
        "Shape__Length": 1106.0348704547712
      }
    },
    {
      "type": "Feature",
      "geometry": {
        "type": "Polygon",
        "coordinates": [
          [
            [
              -118.199197175553,
              34.1057004644324
            ],
            [
              -118.199198677402,
              34.1057025606441
            ],
            [
              -118.199282467569,
              34.1058200863769
            ],
            [
              -118.199333610269,
              34.1057948589954
            ],
            [
              -118.199531717855,
              34.1060726441855
            ],
            [
              -118.199599604516,
              34.106087068317
            ],
            [
              -118.199733532454,
              34.1060209805321
            ],
            [
              -118.199900059421,
              34.105938791103
            ],
            [
              -118.199905097605,
              34.1059458997575
            ],
            [
              -118.200104091481,
              34.105847691196
            ],
            [
              -118.200099053351,
              34.1058406100284
            ],
            [
              -118.200933397163,
              34.1054288583382
            ],
            [
              -118.200938468438,
              34.1054359668946
            ],
            [
              -118.201087109896,
              34.1053625987577
            ],
            [
              -118.201082038678,
              34.1053555176862
            ],
            [
              -118.201104211139,
              34.105344571736
            ],
            [
              -118.20123262661,
              34.1052812118545
            ],
            [
              -118.201383214273,
              34.1052069058353
            ],
            [
              -118.201533768636,
              34.1051325996837
            ],
            [
              -118.201530387808,
              34.105127878982
            ],
            [
              -118.201680974931,
              34.105053572592
            ],
            [
              -118.201831561786,
              34.1049792660147
            ],
            [
              -118.201959382137,
              34.1049161536622
            ],
            [
              -118.201976720578,
              34.1048596833884
            ],
            [
              -118.201699821384,
              34.1044718440767
            ],
            [
              -118.201529372762,
              34.1045559660408
            ],
            [
              -118.201378786401,
              34.1046302722406
            ],
            [
              -118.201228232805,
              34.1047045781979
            ],
            [
              -118.201105097305,
              34.1047653188095
            ],
            [
              -118.201077645908,
              34.1047788840227
            ],
            [
              -118.200927058744,
              34.1048531896601
            ],
            [
              -118.200776504346,
              34.1049274950551
            ],
            [
              -118.200627890163,
              34.1050008352857
            ],
            [
              -118.200456975311,
              34.1050842884326
            ],
            [
              -118.199790975221,
              34.1054094153241
            ],
            [
              -118.19959209954,
              34.1055075544778
            ],
            [
              -118.199197175553,
              34.1057004644324
            ]
          ]
        ]
      },
      "properties": {
        "OBJECTID": 4031,
        "Zoning": "[Q]C4-2D-HPOZ",
        "CATEGORY": "Commercial",
        "Shape__Area": 157330.669921875,
        "Shape__Length": 2118.2414898226443
      }
    },
    {
      "type": "Feature",
      "geometry": {
        "type": "Polygon",
        "coordinates": [
          [
            [
              -118.198373662292,
              34.1066536648483
            ],
            [
              -118.198427932247,
              34.1066652267252
            ],
            [
              -118.198565458596,
              34.1065973756898
            ],
            [
              -118.198576809072,
              34.1065917513792
            ],
            [
              -118.198718888614,
              34.1065216669103
            ],
            [
              -118.198872285321,
              34.1064459579905
            ],
            [
              -118.198877356417,
              34.106453039155
            ],
            [
              -118.199033623557,
              34.1063759513699
            ],
            [
              -118.199189857309,
              34.1062988359588
            ],
            [
              -118.19936885765,
              34.1062104989469
            ],
            [
              -118.199116061275,
              34.1058560005884
            ],
            [
              -118.198937061426,
              34.105944337225
            ],
            [
              -118.198780795069,
              34.1060214523627
            ],
            [
              -118.198624528358,
              34.1060985398199
            ],
            [
              -118.198641398907,
              34.106122171268
            ],
            [
              -118.198487969552,
              34.1061978799482
            ],
            [
              -118.198345923465,
              34.1062679915693
            ],
            [
              -118.198334572953,
              34.1062735883795
            ],
            [
              -118.198163589311,
              34.1063579537758
            ],
            [
              -118.198373662292,
              34.1066536648483
            ]
          ]
        ]
      },
      "properties": {
        "OBJECTID": 4032,
        "Zoning": "[Q]C4-2D-HPOZ",
        "CATEGORY": "Commercial",
        "Shape__Area": 48934.2421875,
        "Shape__Length": 975.53717416078
      }
    },
    {
      "type": "Feature",
      "geometry": {
        "type": "Polygon",
        "coordinates": [
          [
            [
              -118.20026028287,
              34.1060709443784
            ],
            [
              -118.200118238485,
              34.1061410580826
            ],
            [
              -118.200123276634,
              34.1061481392494
            ],
            [
              -118.199981231938,
              34.1062182253141
            ],
            [
              -118.199839187068,
              34.1062883386906
            ],
            [
              -118.199731226157,
              34.1063416060706
            ],
            [
              -118.199713885958,
              34.1063981035035
            ],
            [
              -118.199938048652,
              34.1067124191533
            ],
            [
              -118.200088607009,
              34.1066381147987
            ],
            [
              -118.200230685298,
              34.1065680010735
            ],
            [
              -118.20037273038,
              34.1064979147148
            ],
            [
              -118.200514775158,
              34.1064278007107
            ],
            [
              -118.200656852797,
              34.1063577139635
            ],
            [
              -118.200798897099,
              34.1062875996257
            ],
            [
              -118.200940941228,
              34.1062175125997
            ],
            [
              -118.20109572121,
              34.1061411390643
            ],
            [
              -118.200841095312,
              34.1057843391356
            ],
            [
              -118.200686447762,
              34.1058606571673
            ],
            [
              -118.200691518976,
              34.1058677382555
            ],
            [
              -118.200663110286,
              34.1058817721024
            ],
            [
              -118.200658039007,
              34.1058746635344
            ],
            [
              -118.200572812818,
              34.1059167375529
            ],
            [
              -118.200577850992,
              34.1059238187007
            ],
            [
              -118.200549442264,
              34.105937852521
            ],
            [
              -118.200407398282,
              34.1060079390862
            ],
            [
              -118.200402327083,
              34.106000857986
            ],
            [
              -118.20026028287,
              34.1060709443784
            ]
          ]
        ]
      },
      "properties": {
        "OBJECTID": 4033,
        "Zoning": "[Q]C4-2D-HPOZ",
        "CATEGORY": "Commercial",
        "Shape__Area": 60743.779296875,
        "Shape__Length": 1120.1097552164656
      }
    },
    {
      "type": "Feature",
      "geometry": {
        "type": "Polygon",
        "coordinates": [
          [
            [
              -118.199766765074,
              34.1067953859017
            ],
            [
              -118.199746546312,
              34.1067670338037
            ],
            [
              -118.199518141585,
              34.1064467619203
            ],
            [
              -118.199349105511,
              34.1065301640251
            ],
            [
              -118.199335247376,
              34.1065370016086
            ],
            [
              -118.19933020927,
              34.1065299204088
            ],
            [
              -118.199179254415,
              34.1066043893432
            ],
            [
              -118.199166980066,
              34.1066104548927
            ],
            [
              -118.199172018163,
              34.1066175360993
            ],
            [
              -118.199167761781,
              34.1066196589761
            ],
            [
              -118.199071612489,
              34.1066671082877
            ],
            [
              -118.199049233553,
              34.1067164694577
            ],
            [
              -118.199277570628,
              34.1070365225101
            ],
            [
              -118.199416284892,
              34.1069681464508
            ],
            [
              -118.199420574385,
              34.1069660509893
            ],
            [
              -118.199432848768,
              34.106959985414
            ],
            [
              -118.199597662343,
              34.106878733507
            ],
            [
              -118.199766765074,
              34.1067953859017
            ]
          ]
        ]
      },
      "properties": {
        "OBJECTID": 4034,
        "Zoning": "[Q]C4-2D-HPOZ",
        "CATEGORY": "Commercial",
        "Shape__Area": 25469.76953125,
        "Shape__Length": 637.4423599019526
      }
    },
    {
      "type": "Feature",
      "geometry": {
        "type": "Polygon",
        "coordinates": [
          [
            [
              -118.199191679514,
              34.1070776074155
            ],
            [
              -118.199107324993,
              34.106959395575
            ],
            [
              -118.198938716031,
              34.10672308147
            ],
            [
              -118.198815476989,
              34.1067839023514
            ],
            [
              -118.198683856831,
              34.1068488586953
            ],
            [
              -118.198672506263,
              34.1068544555373
            ],
            [
              -118.198530426181,
              34.1069245674311
            ],
            [
              -118.198519075592,
              34.1069301642588
            ],
            [
              -118.198354294032,
              34.1070114695977
            ],
            [
              -118.198472157783,
              34.1071769727698
            ],
            [
              -118.198527576429,
              34.107254783915
            ],
            [
              -118.19860685982,
              34.1073661348144
            ],
            [
              -118.198771641768,
              34.1072848016515
            ],
            [
              -118.198783025423,
              34.1072792047457
            ],
            [
              -118.198919397594,
              34.1072119047804
            ],
            [
              -118.198925072862,
              34.1072090926086
            ],
            [
              -118.198936423461,
              34.1072034957427
            ],
            [
              -118.198990404744,
              34.1071768624191
            ],
            [
              -118.199068373998,
              34.1071384011858
            ],
            [
              -118.199191679514,
              34.1070776074155
            ]
          ]
        ]
      },
      "properties": {
        "OBJECTID": 4035,
        "Zoning": "[Q]C4-2D-HPOZ",
        "CATEGORY": "Commercial",
        "Shape__Area": 30866.8916015625,
        "Shape__Length": 711.5758265159475
      }
    },
    {
      "type": "Feature",
      "geometry": {
        "type": "Polygon",
        "coordinates": [
          [
            [
              -118.193556389269,
              34.1085961985067
            ],
            [
              -118.193414301874,
              34.1086662769102
            ],
            [
              -118.193272247275,
              34.1087363550939
            ],
            [
              -118.193130159467,
              34.1088064606423
            ],
            [
              -118.192988104393,
              34.1088765384923
            ],
            [
              -118.192919601105,
              34.1089103367825
            ],
            [
              -118.192918644099,
              34.1089107779697
            ],
            [
              -118.192846016045,
              34.1089466162282
            ],
            [
              -118.192703960494,
              34.1090166937445
            ],
            [
              -118.192561871669,
              34.1090867711466
            ],
            [
              -118.192423709379,
              34.1091549186188
            ],
            [
              -118.192423724999,
              34.1091617058379
            ],
            [
              -118.192674448845,
              34.1095136385079
            ],
            [
              -118.192817033261,
              34.1094433128744
            ],
            [
              -118.192959122477,
              34.1093732351715
            ],
            [
              -118.19310117842,
              34.1093031573545
            ],
            [
              -118.193243267096,
              34.1092330518391
            ],
            [
              -118.193385322563,
              34.1091629736884
            ],
            [
              -118.193527410827,
              34.1090928953179
            ],
            [
              -118.193669465817,
              34.1090228168334
            ],
            [
              -118.193811553604,
              34.1089527381291
            ],
            [
              -118.193556389269,
              34.1085961985067
            ]
          ]
        ]
      },
      "properties": {
        "OBJECTID": 4036,
        "Zoning": "[Q]C4-2D-HPOZ",
        "CATEGORY": "Commercial",
        "Shape__Area": 60403.05078125,
        "Shape__Length": 1101.1523136596797
      }
    },
    {
      "type": "Feature",
      "geometry": {
        "type": "Polygon",
        "coordinates": [
          [
            [
              -118.192146153452,
              34.1092300748935
            ],
            [
              -118.191972350904,
              34.1093150405313
            ],
            [
              -118.191747433355,
              34.1094250102332
            ],
            [
              -118.191755686455,
              34.1094368954237
            ],
            [
              -118.191781241328,
              34.1094737313141
            ],
            [
              -118.191797747612,
              34.1094975291685
            ],
            [
              -118.192029001818,
              34.1098307261113
            ],
            [
              -118.192171390683,
              34.1097610885193
            ],
            [
              -118.192361957145,
              34.109667907253
            ],
            [
              -118.192356919441,
              34.1096608257618
            ],
            [
              -118.192413874816,
              34.1096329815822
            ],
            [
              -118.192450899062,
              34.1096148691065
            ],
            [
              -118.192468377356,
              34.1095585373716
            ],
            [
              -118.192377434046,
              34.1094308786491
            ],
            [
              -118.192330272223,
              34.1093646750432
            ],
            [
              -118.192313435839,
              34.109341042659
            ],
            [
              -118.192246057301,
              34.1092464856732
            ],
            [
              -118.192220007331,
              34.1092098979771
            ],
            [
              -118.1922198717185,
              34.109194016370914
            ],
            [
              -118.192219871711,
              34.1091940154924
            ],
            [
              -118.192146153452,
              34.1092300748935
            ]
          ]
        ]
      },
      "properties": {
        "OBJECTID": 4037,
        "Zoning": "[Q]C4-2D-HPOZ",
        "CATEGORY": "Commercial",
        "Shape__Area": 27699.326171875,
        "Shape__Length": 663.7088573441259
      }
    },
    {
      "type": "Feature",
      "geometry": {
        "type": "Polygon",
        "coordinates": [
          [
            [
              -118.19805874785,
              34.1094440136632
            ],
            [
              -118.197778767725,
              34.1095819482602
            ],
            [
              -118.197499842708,
              34.109719413345
            ],
            [
              -118.197516680634,
              34.1097430450068
            ],
            [
              -118.197742138469,
              34.1100599181684
            ],
            [
              -118.197878879209,
              34.109992536341
            ],
            [
              -118.198020965247,
              34.1099225076425
            ],
            [
              -118.198163084146,
              34.1098525062015
            ],
            [
              -118.198300946113,
              34.1097845724828
            ],
            [
              -118.198166372882,
              34.109595354909
            ],
            [
              -118.198075552843,
              34.109467645301
            ],
            [
              -118.19805874785,
              34.1094440136632
            ]
          ]
        ]
      },
      "properties": {
        "OBJECTID": 4038,
        "Zoning": "[Q]C4-2D-HPOZ",
        "CATEGORY": "Commercial",
        "Shape__Area": 28312.7431640625,
        "Shape__Length": 681.2371082044953
      }
    },
    {
      "type": "Feature",
      "geometry": {
        "type": "Polygon",
        "coordinates": [
          [
            [
              -118.197489162704,
              34.1097853247783
            ],
            [
              -118.197072901374,
              34.1099904460221
            ],
            [
              -118.196930352446,
              34.1100606941886
            ],
            [
              -118.196943809511,
              34.1100796050991
            ],
            [
              -118.197042218787,
              34.1102179649293
            ],
            [
              -118.197140628388,
              34.1103563246799
            ],
            [
              -118.197299808327,
              34.1102778604542
            ],
            [
              -118.197699505936,
              34.110080926708
            ],
            [
              -118.197601062763,
              34.1099425949463
            ],
            [
              -118.197502619916,
              34.1098042631051
            ],
            [
              -118.197489162704,
              34.1097853247783
            ]
          ]
        ]
      },
      "properties": {
        "OBJECTID": 4039,
        "Zoning": "[Q]C4-2D-HPOZ",
        "CATEGORY": "Commercial",
        "Shape__Area": 24577.5390625,
        "Shape__Length": 643.2521859587024
      }
    },
    {
      "type": "Feature",
      "geometry": {
        "type": "Polygon",
        "coordinates": [
          [
            [
              -118.192793877828,
              34.10975957494
            ],
            [
              -118.192722667104,
              34.1097943666714
            ],
            [
              -118.192651456385,
              34.1098291858395
            ],
            [
              -118.192580278641,
              34.1098640049131
            ],
            [
              -118.19250906774,
              34.1098987965188
            ],
            [
              -118.192437856842,
              34.1099336155611
            ],
            [
              -118.192366678921,
              34.1099684345089
            ],
            [
              -118.192295467842,
              34.1100032259888
            ],
            [
              -118.192224256766,
              34.1100380449054
            ],
            [
              -118.192153078667,
              34.1100728637276
            ],
            [
              -118.19208186741,
              34.1101076550817
            ],
            [
              -118.192010656157,
              34.1101424738726
            ],
            [
              -118.192263501879,
              34.1104971793872
            ],
            [
              -118.192334647068,
              34.1104622781163
            ],
            [
              -118.19240579226,
              34.1104274042822
            ],
            [
              -118.192476937394,
              34.1103925304062
            ],
            [
              -118.192548082405,
              34.1103576290097
            ],
            [
              -118.192619260455,
              34.1103227549974
            ],
            [
              -118.19269040541,
              34.1102878809958
            ],
            [
              -118.192761550306,
              34.1102530069524
            ],
            [
              -118.19283269508,
              34.1102181053886
            ],
            [
              -118.192903839857,
              34.1101832312614
            ],
            [
              -118.192974984575,
              34.1101483570925
            ],
            [
              -118.19304612917,
              34.1101134554031
            ],
            [
              -118.193119616698,
              34.1100774507788
            ],
            [
              -118.192867530268,
              34.1097235427273
            ],
            [
              -118.192793877828,
              34.10975957494
            ]
          ]
        ]
      },
      "properties": {
        "OBJECTID": 4040,
        "Zoning": "[Q]C4-2D-HPOZ",
        "CATEGORY": "Commercial",
        "Shape__Area": 45089.5810546875,
        "Shape__Length": 901.450572306188
      }
    },
    {
      "type": "Feature",
      "geometry": {
        "type": "Polygon",
        "coordinates": [
          [
            [
              -118.196241640193,
              34.1104762761219
            ],
            [
              -118.196325829031,
              34.1105944902441
            ],
            [
              -118.196411907415,
              34.1107153666735
            ],
            [
              -118.196827976019,
              34.1105103579394
            ],
            [
              -118.196970063816,
              34.1104403304754
            ],
            [
              -118.19688395142,
              34.1103192621481
            ],
            [
              -118.196799828077,
              34.1102010208296
            ],
            [
              -118.196241640193,
              34.1104762761219
            ]
          ]
        ]
      },
      "properties": {
        "OBJECTID": 4041,
        "Zoning": "[Q]C4-2D-HPOZ",
        "CATEGORY": "Commercial",
        "Shape__Area": 19868.5615234375,
        "Shape__Length": 595.1239121192858
      }
    },
    {
      "type": "Feature",
      "geometry": {
        "type": "Polygon",
        "coordinates": [
          [
            [
              -118.190984719091,
              34.1106440749177
            ],
            [
              -118.191238258059,
              34.1109997981955
            ],
            [
              -118.191380583188,
              34.1109300242443
            ],
            [
              -118.191522875106,
              34.1108602776565
            ],
            [
              -118.191665166724,
              34.1107905034227
            ],
            [
              -118.191807458104,
              34.1107207290216
            ],
            [
              -118.191949782346,
              34.1106509818792
            ],
            [
              -118.19209273321,
              34.1105808763494
            ],
            [
              -118.191868423704,
              34.1102662166283
            ],
            [
              -118.191800435499,
              34.1102516234373
            ],
            [
              -118.191700086027,
              34.1103006947861
            ],
            [
              -118.191557695788,
              34.1103703043453
            ],
            [
              -118.191554315311,
              34.1103655833636
            ],
            [
              -118.191411924903,
              34.1104352202299
            ],
            [
              -118.191415272338,
              34.1104399412678
            ],
            [
              -118.191272881623,
              34.1105095504918
            ],
            [
              -118.191130490735,
              34.1105791870267
            ],
            [
              -118.191127110212,
              34.1105744385544
            ],
            [
              -118.190984719091,
              34.1106440749177
            ]
          ]
        ]
      },
      "properties": {
        "OBJECTID": 4043,
        "Zoning": "[Q]C4-2D-HPOZ",
        "CATEGORY": "Commercial",
        "Shape__Area": 44616.505859375,
        "Shape__Length": 896.3403367363373
      }
    },
    {
      "type": "Feature",
      "geometry": {
        "type": "Polygon",
        "coordinates": [
          [
            [
              -118.196199007135,
              34.1104973116111
            ],
            [
              -118.196067147977,
              34.110562320445
            ],
            [
              -118.195641046289,
              34.1107724538419
            ],
            [
              -118.195684963264,
              34.1108340724715
            ],
            [
              -118.195725267547,
              34.1108906408514
            ],
            [
              -118.195811311817,
              34.1110112979342
            ],
            [
              -118.196067112389,
              34.1108852504643
            ],
            [
              -118.196237414746,
              34.1108013562858
            ],
            [
              -118.196369274213,
              34.1107363747442
            ],
            [
              -118.196283195934,
              34.110615525763
            ],
            [
              -118.196199007135,
              34.1104973116111
            ]
          ]
        ]
      },
      "properties": {
        "OBJECTID": 4044,
        "Zoning": "[Q]C4-2D-HPOZ",
        "CATEGORY": "Commercial",
        "Shape__Area": 19846.337890625,
        "Shape__Length": 594.8213281855935
      }
    },
    {
      "type": "Feature",
      "geometry": {
        "type": "Polygon",
        "coordinates": [
          [
            [
              -118.191780882657,
              34.1112761161645
            ],
            [
              -118.191866251319,
              34.1112342404805
            ],
            [
              -118.191951652932,
              34.1111923646839
            ],
            [
              -118.192037021486,
              34.1111505163581
            ],
            [
              -118.192122389891,
              34.1111086404933
            ],
            [
              -118.192207758275,
              34.111066792047
            ],
            [
              -118.192293159545,
              34.1110249160092
            ],
            [
              -118.192379187719,
              34.1109827366471
            ],
            [
              -118.192294938061,
              34.1108645473579
            ],
            [
              -118.192210688579,
              34.1107463305319
            ],
            [
              -118.192126439461,
              34.1106281686047
            ],
            [
              -118.192040378489,
              34.110670347839
            ],
            [
              -118.191955010426,
              34.1107121961667
            ],
            [
              -118.191869642279,
              34.110754044434
            ],
            [
              -118.191784241073,
              34.1107959201721
            ],
            [
              -118.191698872754,
              34.1108377683189
            ],
            [
              -118.191613504413,
              34.1108796438842
            ],
            [
              -118.191528102888,
              34.1109214919628
            ],
            [
              -118.191598067023,
              34.1110196449679
            ],
            [
              -118.19166716955,
              34.1111165627571
            ],
            [
              -118.191730339746,
              34.1112051913452
            ],
            [
              -118.191780882657,
              34.1112761161645
            ]
          ]
        ]
      },
      "properties": {
        "OBJECTID": 4045,
        "Zoning": "[Q]C4-2D-HPOZ",
        "CATEGORY": "Commercial",
        "Shape__Area": 31539.1328125,
        "Shape__Length": 720.5101521110034
      }
    },
    {
      "type": "Feature",
      "geometry": {
        "type": "Polygon",
        "coordinates": [
          [
            [
              -118.190498018315,
              34.1113626697329
            ],
            [
              -118.190640344741,
              34.1112929241313
            ],
            [
              -118.190782637832,
              34.1112231509358
            ],
            [
              -118.190924930748,
              34.1111534050515
            ],
            [
              -118.191067520374,
              34.111083493658
            ],
            [
              -118.190817196771,
              34.1107323264126
            ],
            [
              -118.19067464007,
              34.1108020176289
            ],
            [
              -118.190532248185,
              34.1108716534595
            ],
            [
              -118.190528867684,
              34.1108669049705
            ],
            [
              -118.190386475567,
              34.1109365406295
            ],
            [
              -118.19024408315,
              34.1110061486422
            ],
            [
              -118.190498018315,
              34.1113626697329
            ]
          ]
        ]
      },
      "properties": {
        "OBJECTID": 4046,
        "Zoning": "[Q]C4-2D-HPOZ",
        "CATEGORY": "Commercial",
        "Shape__Area": 29948.873046875,
        "Shape__Length": 701.5306730145915
      }
    },
    {
      "type": "Feature",
      "geometry": {
        "type": "Polygon",
        "coordinates": [
          [
            [
              -118.190101657523,
              34.1110757840179
            ],
            [
              -118.189959264632,
              34.1111453916953
            ],
            [
              -118.190197953528,
              34.1114804764996
            ],
            [
              -118.190213430946,
              34.1115022152869
            ],
            [
              -118.19025758425,
              34.111480547508
            ],
            [
              -118.190355724749,
              34.1114324425936
            ],
            [
              -118.190101657523,
              34.1110757840179
            ]
          ]
        ]
      },
      "properties": {
        "OBJECTID": 4047,
        "Zoning": "[Q]C4-2D-HPOZ",
        "CATEGORY": "Commercial",
        "Shape__Area": 7544.3203125,
        "Shape__Length": 401.7971154591012
      }
    },
    {
      "type": "Feature",
      "geometry": {
        "type": "Polygon",
        "coordinates": [
          [
            [
              -118.187195856599,
              34.1114713697102
            ],
            [
              -118.187237266985,
              34.1113161881857
            ],
            [
              -118.187762725081,
              34.1110587216858
            ],
            [
              -118.187880444451,
              34.1112255818662
            ],
            [
              -118.187940132779,
              34.1113101509923
            ],
            [
              -118.188058515683,
              34.1114779442462
            ],
            [
              -118.188207654947,
              34.1116893256989
            ],
            [
              -118.188350083259,
              34.1116197200327
            ],
            [
              -118.188492478236,
              34.1115500867718
            ],
            [
              -118.188489130921,
              34.1115453656527
            ],
            [
              -118.188441903178,
              34.1114783912266
            ],
            [
              -118.188241658855,
              34.1111946265766
            ],
            [
              -118.18824166065187,
              34.11119462569807
            ],
            [
              -118.188384065602,
              34.1111250002947
            ],
            [
              -118.188367347535,
              34.1111013070666
            ],
            [
              -118.18836734843299,
              34.11110130662762
            ],
            [
              -118.188523999629,
              34.1110247269074
            ],
            [
              -118.188637914752,
              34.110969042132
            ],
            [
              -118.188680649371,
              34.1109481465485
            ],
            [
              -118.188613735591,
              34.1108533395031
            ],
            [
              -118.188546855061,
              34.110758559848
            ],
            [
              -118.188483056807,
              34.1106681169869
            ],
            [
              -118.188399439974,
              34.1105496217393
            ],
            [
              -118.188086141119,
              34.1107027540447
            ],
            [
              -118.187943714149,
              34.1107723593978
            ],
            [
              -118.187881179549,
              34.1108029305353
            ],
            [
              -118.187658892535,
              34.1109115695496
            ],
            [
              -118.187662239839,
              34.1109163181702
            ],
            [
              -118.186944588087,
              34.1112670696812
            ],
            [
              -118.186936923005,
              34.1112963188958
            ],
            [
              -118.187195856599,
              34.1114713697102
            ]
          ]
        ]
      },
      "properties": {
        "OBJECTID": 4048,
        "Zoning": "[Q]C4-2D-HPOZ",
        "CATEGORY": "Commercial",
        "Shape__Area": 76472.5224609375,
        "Shape__Length": 1722.560779049507
      }
    },
    {
      "type": "Feature",
      "geometry": {
        "type": "Polygon",
        "coordinates": [
          [
            [
              -118.188856090789,
              34.1120537810959
            ],
            [
              -118.188942034566,
              34.112060736269
            ],
            [
              -118.18895901815,
              34.1120619737362
            ],
            [
              -118.188964640923,
              34.1120502590093
            ],
            [
              -118.189050515091,
              34.1120556479268
            ],
            [
              -118.189080747155,
              34.1120572493534
            ],
            [
              -118.189140741247,
              34.1120279181133
            ],
            [
              -118.189283136198,
              34.1119582564412
            ],
            [
              -118.189475360837,
              34.111864252775
            ],
            [
              -118.189617755292,
              34.1117946181876
            ],
            [
              -118.189745893544,
              34.1117319304544
            ],
            [
              -118.189760149448,
              34.111724955954
            ],
            [
              -118.189900363847,
              34.1116556816797
            ],
            [
              -118.190042658172,
              34.1115859093547
            ],
            [
              -118.189967359391,
              34.111480207187
            ],
            [
              -118.189816994401,
              34.1112691320923
            ],
            [
              -118.189754822963,
              34.1112557926339
            ],
            [
              -118.189651501137,
              34.1113063233185
            ],
            [
              -118.189510757543,
              34.1113751584743
            ],
            [
              -118.189496534714,
              34.1113821328934
            ],
            [
              -118.189368396749,
              34.1114447928829
            ],
            [
              -118.189297612262,
              34.111479417053
            ],
            [
              -118.189226002682,
              34.1115144271758
            ],
            [
              -118.189033778629,
              34.111608457923
            ],
            [
              -118.188891384004,
              34.1116780918219
            ],
            [
              -118.188748989142,
              34.1117477255531
            ],
            [
              -118.188607386109,
              34.1118170006572
            ],
            [
              -118.188770309354,
              34.1120455615871
            ],
            [
              -118.188856090789,
              34.1120537810959
            ]
          ]
        ]
      },
      "properties": {
        "OBJECTID": 4049,
        "Zoning": "[Q]C4-2D-HPOZ",
        "CATEGORY": "Commercial",
        "Shape__Area": 59621.0673828125,
        "Shape__Length": 1088.2552104859255
      }
    },
    {
      "type": "Feature",
      "geometry": {
        "type": "Polygon",
        "coordinates": [
          [
            [
              -118.190331352121,
              34.1119874961997
            ],
            [
              -118.190179825653,
              34.1117749395285
            ],
            [
              -118.190078609573,
              34.1116329513423
            ],
            [
              -118.189993173348,
              34.1116747434319
            ],
            [
              -118.189907770074,
              34.1117165354092
            ],
            [
              -118.189822333617,
              34.1117582998995
            ],
            [
              -118.189736897136,
              34.1118000918081
            ],
            [
              -118.189705844303,
              34.1118152813331
            ],
            [
              -118.18965146057,
              34.1118418836563
            ],
            [
              -118.189566023919,
              34.1118836754442
            ],
            [
              -118.18948058712,
              34.1119254396931
            ],
            [
              -118.189395150297,
              34.1119672313603
            ],
            [
              -118.18930971339,
              34.1120090229672
            ],
            [
              -118.189224276397,
              34.1120508145136
            ],
            [
              -118.18917527139,
              34.1120747977218
            ],
            [
              -118.189242106594,
              34.1120757922306
            ],
            [
              -118.189261764021,
              34.1120760911918
            ],
            [
              -118.189348121771,
              34.1120761757474
            ],
            [
              -118.189357503809,
              34.1120760236538
            ],
            [
              -118.189434443559,
              34.1120749687979
            ],
            [
              -118.189471210874,
              34.1120739219252
            ],
            [
              -118.189520762541,
              34.1120725252486
            ],
            [
              -118.189583525916,
              34.1120698438054
            ],
            [
              -118.189606979543,
              34.1120688177765
            ],
            [
              -118.189694415892,
              34.1120637893502
            ],
            [
              -118.189779173785,
              34.112057665918
            ],
            [
              -118.189803781186,
              34.1120555388901
            ],
            [
              -118.189865084945,
              34.1120502216358
            ],
            [
              -118.189911820881,
              34.1120454768185
            ],
            [
              -118.189950795062,
              34.1120415410661
            ],
            [
              -118.19001860117,
              34.1120336579923
            ],
            [
              -118.19003630407,
              34.1120315967305
            ],
            [
              -118.190121612027,
              34.1120204161083
            ],
            [
              -118.190124121983,
              34.1120200549362
            ],
            [
              -118.190206685894,
              34.1120079992517
            ],
            [
              -118.190228283892,
              34.1120045304165
            ],
            [
              -118.190291459593,
              34.1119943462655
            ],
            [
              -118.190331352121,
              34.1119874961997
            ]
          ]
        ]
      },
      "properties": {
        "OBJECTID": 4050,
        "Zoning": "[Q]C4-2D-HPOZ",
        "CATEGORY": "Commercial",
        "Shape__Area": 26201.1044921875,
        "Shape__Length": 819.3989992260091
      }
    },
    {
      "type": "Feature",
      "geometry": {
        "type": "Polygon",
        "coordinates": [
          [
            [
              -118.187153236428,
              34.1118388536847
            ],
            [
              -118.187103136377,
              34.1120527981397
            ],
            [
              -118.187102186315,
              34.1120563718442
            ],
            [
              -118.187098615044,
              34.1120696495951
            ],
            [
              -118.187089372001,
              34.1121023910604
            ],
            [
              -118.187080910451,
              34.112130047752
            ],
            [
              -118.187079434816,
              34.1121349687273
            ],
            [
              -118.187071691147,
              34.1121586398925
            ],
            [
              -118.187068803549,
              34.1121674100741
            ],
            [
              -118.187057511176,
              34.112199687571
            ],
            [
              -118.187045524598,
              34.1122317737903
            ],
            [
              -118.187038823018,
              34.1122487110541
            ],
            [
              -118.187032351277,
              34.1122650159513
            ],
            [
              -118.187019568115,
              34.1122954546776
            ],
            [
              -118.187005598086,
              34.112326994388
            ],
            [
              -118.186990933849,
              34.1123583428199
            ],
            [
              -118.186989388199,
              34.1123615052643
            ],
            [
              -118.186985310164,
              34.1123697826689
            ],
            [
              -118.186975641354,
              34.1123894449135
            ],
            [
              -118.18695972066,
              34.1124203281473
            ],
            [
              -118.186943105695,
              34.1124509926232
            ],
            [
              -118.186933036248,
              34.1124687869312
            ],
            [
              -118.186931687032,
              34.1124711521881
            ],
            [
              -118.186925895506,
              34.112481410709
            ],
            [
              -118.186908023957,
              34.112511555028
            ],
            [
              -118.186889524148,
              34.1125414530075
            ],
            [
              -118.186871581341,
              34.1125692892188
            ],
            [
              -118.186870396014,
              34.1125710771685
            ],
            [
              -118.18686730095,
              34.112575725858
            ],
            [
              -118.186847478294,
              34.1126050213447
            ],
            [
              -118.186827027253,
              34.1126340155335
            ],
            [
              -118.186804926758,
              34.1126640839388
            ],
            [
              -118.186784306084,
              34.1126910999147
            ],
            [
              -118.186762068931,
              34.1127191625767
            ],
            [
              -118.186739236366,
              34.11274689641
            ],
            [
              -118.18673195434,
              34.112755453544
            ],
            [
              -118.186715808388,
              34.1127743014142
            ],
            [
              -118.186691851072,
              34.1128013774869
            ],
            [
              -118.186667298219,
              34.1128280697727
            ],
            [
              -118.186652566009,
              34.1128438653128
            ],
            [
              -118.186565622267,
              34.1129368501609
            ],
            [
              -118.186484116535,
              34.113024056024
            ],
            [
              -118.186402577596,
              34.1131112618832
            ],
            [
              -118.186321071523,
              34.1131984676368
            ],
            [
              -118.186291346093,
              34.1132316527988
            ],
            [
              -118.186046927367,
              34.1134939839628
            ],
            [
              -118.186106527265,
              34.1135240913111
            ],
            [
              -118.186709171099,
              34.1129976037527
            ],
            [
              -118.186736385914,
              34.1129646147182
            ],
            [
              -118.186762873039,
              34.1129312421
            ],
            [
              -118.186788665512,
              34.1128974858475
            ],
            [
              -118.186813730295,
              34.1128633460124
            ],
            [
              -118.186838100549,
              34.1128288775011
            ],
            [
              -118.186861743116,
              34.112794025408
            ],
            [
              -118.186884625143,
              34.1127588722205
            ],
            [
              -118.186906779545,
              34.1127233629306
            ],
            [
              -118.186928206445,
              34.112687552496
            ],
            [
              -118.186948412014,
              34.1126522110851
            ],
            [
              -118.186955749759,
              34.1126390374268
            ],
            [
              -118.18697626259,
              34.1126081470887
            ],
            [
              -118.186996147157,
              34.1125770104108
            ],
            [
              -118.187015370239,
              34.1125455450086
            ],
            [
              -118.187019846194,
              34.1125379264765
            ],
            [
              -118.187033965058,
              34.1125138332673
            ],
            [
              -118.187051832442,
              34.1124818478617
            ],
            [
              -118.187069071564,
              34.1124496161175
            ],
            [
              -118.187078018289,
              34.1124320708446
            ],
            [
              -118.187085616352,
              34.1124171381373
            ],
            [
              -118.187101466805,
              34.1123844139214
            ],
            [
              -118.187116656023,
              34.1123514708974
            ],
            [
              -118.187129869003,
              34.1123211963675
            ],
            [
              -118.187131117933,
              34.1123183091679
            ],
            [
              -118.187144885634,
              34.1122849561608
            ],
            [
              -118.187157959066,
              34.1122513843974
            ],
            [
              -118.187164198049,
              34.1122344203647
            ],
            [
              -118.187170338351,
              34.1122176488355
            ],
            [
              -118.187174769489,
              34.1122047819315
            ],
            [
              -118.187181990393,
              34.1121837220477
            ],
            [
              -118.187192948353,
              34.1121496589402
            ],
            [
              -118.18720317907,
              34.1121154046074
            ],
            [
              -118.187203670741,
              34.1121136726864
            ],
            [
              -118.187212587375,
              34.1120827178347
            ],
            [
              -118.187242627753,
              34.1119544830648
            ],
            [
              -118.187248714243,
              34.1119284512864
            ],
            [
              -118.187301040796,
              34.1118827555235
            ],
            [
              -118.187262130962,
              34.1118711923234
            ],
            [
              -118.187260312793,
              34.111870673045
            ],
            [
              -118.187153236428,
              34.1118388536847
            ]
          ]
        ]
      },
      "properties": {
        "OBJECTID": 11731,
        "Zoning": "C2-2D",
        "CATEGORY": "Commercial",
        "Shape__Area": 25471.7744140625,
        "Shape__Length": 1481.4689897730977
      }
    },
    {
      "type": "Feature",
      "geometry": {
        "type": "Polygon",
        "coordinates": [
          [
            [
              -118.197043407458,
              34.106923483998
            ],
            [
              -118.197233787724,
              34.1071905413769
            ],
            [
              -118.19723438429,
              34.1071913647648
            ],
            [
              -118.19723501389,
              34.1071921880988
            ],
            [
              -118.197235643426,
              34.1071929839543
            ],
            [
              -118.197236305995,
              34.1071937797558
            ],
            [
              -118.1972369685,
              34.1071945480786
            ],
            [
              -118.19723763107,
              34.1071953438802
            ],
            [
              -118.19723832661,
              34.1071961121491
            ],
            [
              -118.197239055119,
              34.1071968528855
            ],
            [
              -118.197239783628,
              34.1071975936219
            ],
            [
              -118.197240512138,
              34.1071983343584
            ],
            [
              -118.197241273617,
              34.1071990475622
            ],
            [
              -118.197242035096,
              34.1071997607661
            ],
            [
              -118.197242829609,
              34.107200473916
            ],
            [
              -118.197243657093,
              34.1072011595334
            ],
            [
              -118.197244451476,
              34.1072018177261
            ],
            [
              -118.19724527896,
              34.1072025033435
            ],
            [
              -118.197246139348,
              34.1072031339497
            ],
            [
              -118.197246999801,
              34.1072037920346
            ],
            [
              -118.197247860189,
              34.1072044226408
            ],
            [
              -118.197248753547,
              34.1072050257145
            ],
            [
              -118.197249646905,
              34.1072056287881
            ],
            [
              -118.197250573232,
              34.1072062043292
            ],
            [
              -118.19725149956,
              34.1072067798704
            ],
            [
              -118.197252425888,
              34.1072073554115
            ],
            [
              -118.19725335215,
              34.107207903474
            ],
            [
              -118.197254311383,
              34.1072084240039
            ],
            [
              -118.19725530365,
              34.1072089444799
            ],
            [
              -118.197256262882,
              34.1072094650098
            ],
            [
              -118.197257255085,
              34.1072099580072
            ],
            [
              -118.197258247222,
              34.107210423526
            ],
            [
              -118.197259272394,
              34.1072108889908
            ],
            [
              -118.197260297501,
              34.107211326977
            ],
            [
              -118.197261322608,
              34.1072117649632
            ],
            [
              -118.197262347715,
              34.1072122029494
            ],
            [
              -118.197263405727,
              34.1072125859244
            ],
            [
              -118.197264463739,
              34.1072129688994
            ],
            [
              -118.197265521751,
              34.1072133518744
            ],
            [
              -118.197266579699,
              34.1072137073708
            ],
            [
              -118.19726767068,
              34.1072140628132
            ],
            [
              -118.197268761532,
              34.1072143632984
            ],
            [
              -118.197269852449,
              34.1072146912622
            ],
            [
              -118.197270943301,
              34.1072149917474
            ],
            [
              -118.197272034089,
              34.1072152647539
            ],
            [
              -118.197273157846,
              34.1072155102279
            ],
            [
              -118.197274281602,
              34.107215755702
            ],
            [
              -118.197275405359,
              34.1072160011759
            ],
            [
              -118.197276529052,
              34.1072162191713
            ],
            [
              -118.197277652679,
              34.107216409688
            ],
            [
              -118.197278776241,
              34.1072165727261
            ],
            [
              -118.197279899804,
              34.1072167357642
            ],
            [
              -118.197281056401,
              34.1072168987483
            ],
            [
              -118.197282212933,
              34.1072170342539
            ],
            [
              -118.197283336366,
              34.1072171423346
            ],
            [
              -118.197284492833,
              34.1072172503616
            ],
            [
              -118.197285649236,
              34.1072173309098
            ],
            [
              -118.197286772539,
              34.1072173840334
            ],
            [
              -118.197287928877,
              34.107217437103
            ],
            [
              -118.197289085149,
              34.107217462694
            ],
            [
              -118.197290241357,
              34.1072174608064
            ],
            [
              -118.197291397565,
              34.1072174589187
            ],
            [
              -118.197292553773,
              34.1072174570311
            ],
            [
              -118.197293709917,
              34.1072174276647
            ],
            [
              -118.197294865995,
              34.1072173708199
            ],
            [
              -118.197295988974,
              34.1072172865503
            ],
            [
              -118.197297144987,
              34.1072172022267
            ],
            [
              -118.197298300936,
              34.1072170904246
            ],
            [
              -118.197299456885,
              34.1072169786224
            ],
            [
              -118.197300579734,
              34.1072168393955
            ],
            [
              -118.197301735618,
              34.1072167001147
            ],
            [
              -118.197302858402,
              34.1072165334092
            ],
            [
              -118.197303981122,
              34.107216339225
            ],
            [
              -118.197305103841,
              34.1072161450409
            ],
            [
              -118.197306226496,
              34.1072159233781
            ],
            [
              -118.197307349086,
              34.1072156742367
            ],
            [
              -118.197308471676,
              34.1072154250953
            ],
            [
              -118.197309594266,
              34.1072151759539
            ],
            [
              -118.197310683691,
              34.1072148719092
            ],
            [
              -118.197311773182,
              34.107214595343
            ],
            [
              -118.197312862543,
              34.1072142638197
            ],
            [
              -118.197313951903,
              34.1072139322963
            ],
            [
              -118.19731500823,
              34.1072136008269
            ],
            [
              -118.197316097526,
              34.1072132418249
            ],
            [
              -118.197317153722,
              34.1072128553982
            ],
            [
              -118.197318209919,
              34.1072124689715
            ],
            [
              -118.197319233016,
              34.1072120551201
            ],
            [
              -118.197320289148,
              34.1072116412148
            ],
            [
              -118.19732131218,
              34.1072111998847
            ],
            [
              -118.197322335148,
              34.1072107310761
            ],
            [
              -118.19732332508,
              34.1072102623215
            ],
            [
              -118.197324315013,
              34.1072097935667
            ],
            [
              -118.197426339248,
              34.1071594507836
            ],
            [
              -118.197431377296,
              34.1071665595415
            ],
            [
              -118.197590781676,
              34.1070879022122
            ],
            [
              -118.197585743619,
              34.107080793461
            ],
            [
              -118.19774514769,
              34.1070021359282
            ],
            [
              -118.197750185755,
              34.1070092446728
            ],
            [
              -118.197909589535,
              34.1069305869234
            ],
            [
              -118.198068993015,
              34.1068519289639
            ],
            [
              -118.19814854615,
              34.1068126688456
            ],
            [
              -118.198143508128,
              34.1068055875963
            ],
            [
              -118.198194948693,
              34.1067801953367
            ],
            [
              -118.198206553611,
              34.1067425304544
            ],
            [
              -118.19799986168,
              34.1064515398913
            ],
            [
              -118.197840458898,
              34.1065301977586
            ],
            [
              -118.197681055817,
              34.1066088554159
            ],
            [
              -118.197521652436,
              34.1066875128631
            ],
            [
              -118.197362248754,
              34.1067661701002
            ],
            [
              -118.197202844708,
              34.1068447996486
            ],
            [
              -118.197043407458,
              34.106923483998
            ]
          ]
        ]
      },
      "properties": {
        "OBJECTID": 11750,
        "Zoning": "C2-2D-HPOZ",
        "CATEGORY": "Commercial",
        "Shape__Area": 45210.7841796875,
        "Shape__Length": 936.6418942044651
      }
    },
    {
      "type": "Feature",
      "geometry": {
        "type": "Polygon",
        "coordinates": [
          [
            [
              -118.195882925129,
              34.1074257856595
            ],
            [
              -118.196117324574,
              34.1077574308673
            ],
            [
              -118.196185047033,
              34.1077719396216
            ],
            [
              -118.196426516217,
              34.1076527843324
            ],
            [
              -118.196619710927,
              34.1075574762088
            ],
            [
              -118.196778819828,
              34.1074789578265
            ],
            [
              -118.196937928429,
              34.1074004392348
            ],
            [
              -118.196942999484,
              34.1074075479593
            ],
            [
              -118.197025919319,
              34.107366634371
            ],
            [
              -118.197102074761,
              34.1073290292055
            ],
            [
              -118.196872949153,
              34.1070075994003
            ],
            [
              -118.196713841174,
              34.1070860904268
            ],
            [
              -118.19655473296,
              34.1071646087226
            ],
            [
              -118.196395624383,
              34.1072430993306
            ],
            [
              -118.196358536528,
              34.1071911149028
            ],
            [
              -118.19616534243,
              34.1072864500864
            ],
            [
              -118.196005177373,
              34.1073654639902
            ],
            [
              -118.195882925129,
              34.1074257856595
            ]
          ]
        ]
      },
      "properties": {
        "OBJECTID": 11751,
        "Zoning": "C2-2D-HPOZ",
        "CATEGORY": "Commercial",
        "Shape__Area": 48391.7001953125,
        "Shape__Length": 978.5491132963666
      }
    },
    {
      "type": "Feature",
      "geometry": {
        "type": "Polygon",
        "coordinates": [
          [
            [
              -118.197260898783,
              34.1079982891078
            ],
            [
              -118.197413441652,
              34.1079230230963
            ],
            [
              -118.197555524368,
              34.1078529125137
            ],
            [
              -118.197632983947,
              34.1079616565558
            ],
            [
              -118.197679047008,
              34.1079389387468
            ],
            [
              -118.197775066544,
              34.1078915457149
            ],
            [
              -118.197917115933,
              34.1078214622399
            ],
            [
              -118.197892290373,
              34.1077866323977
            ],
            [
              -118.198035230316,
              34.107716080187
            ],
            [
              -118.198177279059,
              34.1076459414493
            ],
            [
              -118.198319327628,
              34.1075758300234
            ],
            [
              -118.198472132659,
              34.1075003973711
            ],
            [
              -118.198377934079,
              34.1073681320824
            ],
            [
              -118.198183836867,
              34.1070955868495
            ],
            [
              -118.198030999216,
              34.1071709917118
            ],
            [
              -118.197888951093,
              34.1072411027979
            ],
            [
              -118.197746869632,
              34.1073111862926
            ],
            [
              -118.197633164806,
              34.1073673189818
            ],
            [
              -118.197603831164,
              34.1073817932807
            ],
            [
              -118.197461782259,
              34.1074518763865
            ],
            [
              -118.197319700147,
              34.1075219868581
            ],
            [
              -118.197177650766,
              34.1075920696302
            ],
            [
              -118.197025438312,
              34.1076671974116
            ],
            [
              -118.197260898783,
              34.1079982891078
            ]
          ]
        ]
      },
      "properties": {
        "OBJECTID": 11752,
        "Zoning": "C2-2D-HPOZ",
        "CATEGORY": "Commercial",
        "Shape__Area": 68064.23046875,
        "Shape__Length": 1187.4836562049368
      }
    },
    {
      "type": "Feature",
      "geometry": {
        "type": "Polygon",
        "coordinates": [
          [
            [
              -118.196972741518,
              34.1079169549834
            ],
            [
              -118.196854945438,
              34.1077513128444
            ],
            [
              -118.196684485257,
              34.1078354279831
            ],
            [
              -118.196655910181,
              34.1078495161149
            ],
            [
              -118.196773706004,
              34.1080151584484
            ],
            [
              -118.196802281117,
              34.1080010702887
            ],
            [
              -118.196972741518,
              34.1079169549834
            ]
          ]
        ]
      },
      "properties": {
        "OBJECTID": 11753,
        "Zoning": "C2-2D-HPOZ",
        "CATEGORY": "Commercial",
        "Shape__Area": 4906.2451171875,
        "Shape__Length": 280.17852710385796
      }
    },
    {
      "type": "Feature",
      "geometry": {
        "type": "Polygon",
        "coordinates": [
          [
            [
              -118.194833288127,
              34.1081098341109
            ],
            [
              -118.194981571656,
              34.1083178012176
            ],
            [
              -118.195049492389,
              34.108332227853
            ],
            [
              -118.195153202221,
              34.1082810599095
            ],
            [
              -118.195305186552,
              34.1082060722517
            ],
            [
              -118.195310257453,
              34.1082131535663
            ],
            [
              -118.195423899047,
              34.1081570781255
            ],
            [
              -118.195532492002,
              34.1081035113105
            ],
            [
              -118.195754725905,
              34.1079938411676
            ],
            [
              -118.195976992259,
              34.1078841705629
            ],
            [
              -118.195724164773,
              34.1075265051028
            ],
            [
              -118.195500249167,
              34.1076369747933
            ],
            [
              -118.195278015879,
              34.1077466444669
            ],
            [
              -118.195169423224,
              34.1078002110527
            ],
            [
              -118.195055781945,
              34.1078562862535
            ],
            [
              -118.195064200341,
              34.107868088515
            ],
            [
              -118.195131613991,
              34.1079626438721
            ],
            [
              -118.194979596912,
              34.1080376313642
            ],
            [
              -118.194833288127,
              34.1081098341109
            ]
          ]
        ]
      },
      "properties": {
        "OBJECTID": 11754,
        "Zoning": "C2-2D-HPOZ",
        "CATEGORY": "Commercial",
        "Shape__Area": 46180.1396484375,
        "Shape__Length": 973.1066438084656
      }
    },
    {
      "type": "Feature",
      "geometry": {
        "type": "Polygon",
        "coordinates": [
          [
            [
              -118.193735537532,
              34.1085242469312
            ],
            [
              -118.193982018954,
              34.1088686270401
            ],
            [
              -118.194138295122,
              34.1087915455799
            ],
            [
              -118.19419514976,
              34.1087635083704
            ],
            [
              -118.194379836237,
              34.1086723942705
            ],
            [
              -118.194446589926,
              34.1086394772858
            ],
            [
              -118.194462230659,
              34.1086317580761
            ],
            [
              -118.194457159804,
              34.1086246767259
            ],
            [
              -118.19449203799,
              34.108607473875
            ],
            [
              -118.19452110864,
              34.1085931381494
            ],
            [
              -118.194526146463,
              34.1086002195501
            ],
            [
              -118.194560265714,
              34.1085834026033
            ],
            [
              -118.194555095365,
              34.108576156545
            ],
            [
              -118.194707113804,
              34.1085011695857
            ],
            [
              -118.194712184672,
              34.1085082509254
            ],
            [
              -118.194864169747,
              34.1084332363432
            ],
            [
              -118.194685759164,
              34.1081830553587
            ],
            [
              -118.194618543922,
              34.1080884444758
            ],
            [
              -118.194618246928,
              34.1080885823477
            ],
            [
              -118.194492791949,
              34.1081505015323
            ],
            [
              -118.194313683327,
              34.1082388864432
            ],
            [
              -118.194200040941,
              34.1082949883187
            ],
            [
              -118.194133287494,
              34.1083279326454
            ],
            [
              -118.193948634607,
              34.1084190737931
            ],
            [
              -118.193891813156,
              34.1084471108333
            ],
            [
              -118.193735537532,
              34.1085242469312
            ]
          ]
        ]
      },
      "properties": {
        "OBJECTID": 11755,
        "Zoning": "C2-2D-HPOZ",
        "CATEGORY": "Commercial",
        "Shape__Area": 45084.33203125,
        "Shape__Length": 925.0779666285997
      }
    },
    {
      "type": "Feature",
      "geometry": {
        "type": "Polygon",
        "coordinates": [
          [
            [
              -118.195341909477,
              34.1084978643956
            ],
            [
              -118.195228234329,
              34.1085539398132
            ],
            [
              -118.195182797224,
              34.1085763534098
            ],
            [
              -118.195086181442,
              34.108624020129
            ],
            [
              -118.195023684737,
              34.1086548696933
            ],
            [
              -118.19486457195,
              34.1087333857675
            ],
            [
              -118.194733869551,
              34.1087978691849
            ],
            [
              -118.194705458801,
              34.1088118741539
            ],
            [
              -118.194546345418,
              34.1088903898095
            ],
            [
              -118.194534994295,
              34.1088959862632
            ],
            [
              -118.194491503657,
              34.1089174347109
            ],
            [
              -118.19436449641,
              34.1089800981855
            ],
            [
              -118.194491138342,
              34.1091580389843
            ],
            [
              -118.194617018569,
              34.1093349366876
            ],
            [
              -118.194787483888,
              34.1092508244613
            ],
            [
              -118.194798868077,
              34.1092452279306
            ],
            [
              -118.194957981899,
              34.1091667119415
            ],
            [
              -118.194986392727,
              34.1091527069131
            ],
            [
              -118.195117095487,
              34.1090882232219
            ],
            [
              -118.195276208711,
              34.1090097068143
            ],
            [
              -118.195338705588,
              34.1089788571191
            ],
            [
              -118.195435288601,
              34.1089311902509
            ],
            [
              -118.195480758867,
              34.1089087765056
            ],
            [
              -118.195594401292,
              34.1088527009033
            ],
            [
              -118.195776776621,
              34.1087627150344
            ],
            [
              -118.195667433568,
              34.1086089838058
            ],
            [
              -118.195524350245,
              34.1084078238445
            ],
            [
              -118.195341909477,
              34.1084978643956
            ]
          ]
        ]
      },
      "properties": {
        "OBJECTID": 11756,
        "Zoning": "C2-2D-HPOZ",
        "CATEGORY": "Commercial",
        "Shape__Area": 61254.171875,
        "Shape__Length": 1116.522989285294
      }
    },
    {
      "type": "Feature",
      "geometry": {
        "type": "Polygon",
        "coordinates": [
          [
            [
              -118.191205572336,
              34.1097517664113
            ],
            [
              -118.191063182682,
              34.1098214028653
            ],
            [
              -118.19092079279,
              34.1098910391517
            ],
            [
              -118.190778402599,
              34.1099606477917
            ],
            [
              -118.191029295569,
              34.1103162932369
            ],
            [
              -118.191171686094,
              34.1102466568218
            ],
            [
              -118.191314076445,
              34.1101770477176
            ],
            [
              -118.191456499595,
              34.1101074383935
            ],
            [
              -118.191458156789,
              34.1101097989381
            ],
            [
              -118.191572101747,
              34.110054111346
            ],
            [
              -118.191567064024,
              34.1100470023432
            ],
            [
              -118.191809142764,
              34.1099286247311
            ],
            [
              -118.191826713225,
              34.1098690504539
            ],
            [
              -118.191773879698,
              34.1097929083362
            ],
            [
              -118.191691282043,
              34.1096739191292
            ],
            [
              -118.191608717658,
              34.1095549298139
            ],
            [
              -118.191209103743,
              34.1097502769729
            ],
            [
              -118.191205572336,
              34.1097517664113
            ]
          ]
        ]
      },
      "properties": {
        "OBJECTID": 11757,
        "Zoning": "C2-2D-HPOZ",
        "CATEGORY": "Commercial",
        "Shape__Area": 43368.544921875,
        "Shape__Length": 874.884150747023
      }
    },
    {
      "type": "Feature",
      "geometry": {
        "type": "Polygon",
        "coordinates": [
          [
            [
              -118.189099964909,
              34.1112058460756
            ],
            [
              -118.189166896139,
              34.111220387484
            ],
            [
              -118.189261473293,
              34.1111741575897
            ],
            [
              -118.189403866814,
              34.1111045507345
            ],
            [
              -118.189546293071,
              34.1110349161811
            ],
            [
              -118.189688686118,
              34.1109653089905
            ],
            [
              -118.189692033539,
              34.1109700575549
            ],
            [
              -118.189834426291,
              34.1109004227141
            ],
            [
              -118.189976851905,
              34.1108308151324
            ],
            [
              -118.190119244245,
              34.1107612074349
            ],
            [
              -118.190261636286,
              34.1106915720911
            ],
            [
              -118.190404061188,
              34.1106219640063
            ],
            [
              -118.190546452754,
              34.1105523283273
            ],
            [
              -118.190688844146,
              34.1104827199593
            ],
            [
              -118.190832192272,
              34.1104126427741
            ],
            [
              -118.19058133295,
              34.1100570243453
            ],
            [
              -118.19043795225,
              34.1101271287627
            ],
            [
              -118.190295561317,
              34.110196764313
            ],
            [
              -118.190153170148,
              34.1102663996957
            ],
            [
              -118.190010745642,
              34.1103360074841
            ],
            [
              -118.189868353998,
              34.1104056425314
            ],
            [
              -118.189725962117,
              34.1104752774112
            ],
            [
              -118.189583569998,
              34.1105449121233
            ],
            [
              -118.18944117758,
              34.1106145191891
            ],
            [
              -118.189298784987,
              34.1106841535659
            ],
            [
              -118.189156392157,
              34.1107537877751
            ],
            [
              -118.189013966054,
              34.1108234218683
            ],
            [
              -118.188877281641,
              34.1108902439904
            ],
            [
              -118.189099964909,
              34.1112058460756
            ]
          ]
        ]
      },
      "properties": {
        "OBJECTID": 11758,
        "Zoning": "C2-2D-HPOZ",
        "CATEGORY": "Commercial",
        "Shape__Area": 89259.556640625,
        "Shape__Length": 1488.0385196992881
      }
    },
    {
      "type": "Feature",
      "geometry": {
        "type": "Polygon",
        "coordinates": [
          [
            [
              -118.196949226689,
              34.1188587473652
            ],
            [
              -118.196942384822,
              34.1188856327129
            ],
            [
              -118.19693554295,
              34.1189125180603
            ],
            [
              -118.19685327495,
              34.1192351424689
            ],
            [
              -118.196853045875,
              34.1192360771188
            ],
            [
              -118.196852849904,
              34.1192370391936
            ],
            [
              -118.196852653869,
              34.1192379737898
            ],
            [
              -118.196852490937,
              34.1192389358107
            ],
            [
              -118.19685232794,
              34.119239870353
            ],
            [
              -118.196852198048,
              34.1192408323202
            ],
            [
              -118.196852101195,
              34.1192417942336
            ],
            [
              -118.196852004277,
              34.1192427286682
            ],
            [
              -118.196851940463,
              34.1192436905278
            ],
            [
              -118.196851876649,
              34.1192446523873
            ],
            [
              -118.196851845874,
              34.119245614193
            ],
            [
              -118.196851848139,
              34.1192465759449
            ],
            [
              -118.196851850403,
              34.1192475376968
            ],
            [
              -118.196851885707,
              34.1192484993949
            ],
            [
              -118.196851921011,
              34.119249461093
            ],
            [
              -118.196852022329,
              34.1192503952048
            ],
            [
              -118.196852090672,
              34.1192513568491
            ],
            [
              -118.196852225093,
              34.1192523183857
            ],
            [
              -118.196852326476,
              34.1192532799762
            ],
            [
              -118.196852493872,
              34.1192542139804
            ],
            [
              -118.196852661333,
              34.1192551754632
            ],
            [
              -118.196852861769,
              34.1192561094135
            ],
            [
              -118.196853062269,
              34.1192570708426
            ],
            [
              -118.196853295744,
              34.1192580047392
            ],
            [
              -118.196853562258,
              34.1192589385819
            ],
            [
              -118.196853828772,
              34.1192598724247
            ],
            [
              -118.196854095286,
              34.1192608062675
            ],
            [
              -118.196854427814,
              34.119261712524
            ],
            [
              -118.196854727367,
              34.119262646313
            ],
            [
              -118.196855092934,
              34.1192635525157
            ],
            [
              -118.196855458502,
              34.1192644587183
            ],
            [
              -118.196855857108,
              34.1192653648672
            ],
            [
              -118.196856255715,
              34.1192662710161
            ],
            [
              -118.196856654257,
              34.1192671496864
            ],
            [
              -118.196857118942,
              34.1192680557276
            ],
            [
              -118.196857583562,
              34.1192689342902
            ],
            [
              -118.196858048118,
              34.1192697853742
            ],
            [
              -118.196858545777,
              34.119270663883
            ],
            [
              -118.196859076412,
              34.1192715148594
            ],
            [
              -118.196859607046,
              34.1192723658357
            ],
            [
              -118.19686013768,
              34.1192732168121
            ],
            [
              -118.196860701289,
              34.119274040256
            ],
            [
              -118.196861297937,
              34.1192748636461
            ],
            [
              -118.196861894586,
              34.1192756870362
            ],
            [
              -118.196862524273,
              34.1192765103725
            ],
            [
              -118.196863153896,
              34.1192773062301
            ],
            [
              -118.196863816558,
              34.1192781020339
            ],
            [
              -118.196864479155,
              34.1192788703591
            ],
            [
              -118.196865174792,
              34.1192796386305
            ],
            [
              -118.196865870429,
              34.1192804069019
            ],
            [
              -118.19686659904,
              34.1192811476408
            ],
            [
              -118.196867327651,
              34.1192818883797
            ],
            [
              -118.196868089302,
              34.1192826290648
            ],
            [
              -118.196868850888,
              34.1192833422713
            ],
            [
              -118.196869612474,
              34.1192840554778
            ],
            [
              -118.196870407034,
              34.1192847411518
            ],
            [
              -118.196871234634,
              34.119285426772
            ],
            [
              -118.196872062169,
              34.1192860849135
            ],
            [
              -118.196872889704,
              34.1192867430551
            ],
            [
              -118.196873717239,
              34.1192874011966
            ],
            [
              -118.196874610789,
              34.1192880317519
            ],
            [
              -118.196875471298,
              34.119288662361
            ],
            [
              -118.196876364782,
              34.1192892654377
            ],
            [
              -118.196877258267,
              34.1192898685143
            ],
            [
              -118.196878184726,
              34.1192904440585
            ],
            [
              -118.196879111185,
              34.1192910196027
            ],
            [
              -118.196880037579,
              34.1192915676682
            ],
            [
              -118.196880997012,
              34.1192921156799
            ],
            [
              -118.196881956446,
              34.1192926636916
            ],
            [
              -118.196882948789,
              34.1192931566923
            ],
            [
              -118.196883908158,
              34.1192936772253
            ],
            [
              -118.196884900437,
              34.1192941427473
            ],
            [
              -118.19688592582,
              34.1192946356941
            ],
            [
              -118.196886918034,
              34.1192950737374
            ],
            [
              -118.196887943287,
              34.119295511727
            ],
            [
              -118.19688900158,
              34.1192959496627
            ],
            [
              -118.196890026768,
              34.1192963601735
            ],
            [
              -118.196891084996,
              34.1192967706306
            ],
            [
              -118.19689214316,
              34.119297153609
            ],
            [
              -118.196893201258,
              34.1192975091087
            ],
            [
              -118.196894259357,
              34.1192978646085
            ],
            [
              -118.19689535043,
              34.1192981925758
            ],
            [
              -118.196896441503,
              34.1192985205431
            ],
            [
              -118.196897532511,
              34.1192988210317
            ],
            [
              -118.19689862352,
              34.1192991215204
            ],
            [
              -118.196899747438,
              34.119299366998
            ],
            [
              -118.196900838382,
              34.119299640008
            ],
            [
              -118.1969019623,
              34.1192998854855
            ],
            [
              -118.196903086154,
              34.1193001034844
            ],
            [
              -118.196904110825,
              34.1193002941662
            ],
            [
              -118.196968300251,
              34.1193117031613
            ],
            [
              -118.197097538501,
              34.1193346570415
            ],
            [
              -118.197226776888,
              34.1193576382621
            ],
            [
              -118.19735601528,
              34.119380591866
            ],
            [
              -118.197485253809,
              34.1194035728102
            ],
            [
              -118.197614492343,
              34.1194265261378
            ],
            [
              -118.197743731014,
              34.1194495068057
            ],
            [
              -118.197750209456,
              34.1194506503127
            ],
            [
              -118.197872969691,
              34.1194724598567
            ],
            [
              -118.198002241477,
              34.1194954127156
            ],
            [
              -118.198101963633,
              34.1195131379577
            ],
            [
              -118.198102419473,
              34.119580020444
            ],
            [
              -118.19839373444,
              34.1196658532989
            ],
            [
              -118.198623652431,
              34.1197335679686
            ],
            [
              -118.198702573201,
              34.1197568226457
            ],
            [
              -118.199098103401,
              34.119873341042
            ],
            [
              -118.199096185852,
              34.1197340819839
            ],
            [
              -118.199094071897,
              34.1195817158946
            ],
            [
              -118.199091677923,
              34.1194088786115
            ],
            [
              -118.19908956333,
              34.1192562377372
            ],
            [
              -118.198648286788,
              34.1191718347192
            ],
            [
              -118.198390099146,
              34.1191224673425
            ],
            [
              -118.1983899929,
              34.1191055406182
            ],
            [
              -118.198250503634,
              34.1190788678282
            ],
            [
              -118.198098883474,
              34.1190498515904
            ],
            [
              -118.198098947832,
              34.1190630687548
            ],
            [
              -118.197853362369,
              34.119019422631
            ],
            [
              -118.197846520779,
              34.11904630803
            ],
            [
              -118.197717282768,
              34.1190233549509
            ],
            [
              -118.197588044764,
              34.119000374255
            ],
            [
              -118.197458806895,
              34.1189774208995
            ],
            [
              -118.197329569033,
              34.1189544399272
            ],
            [
              -118.197200298267,
              34.1189314863493
            ],
            [
              -118.197071060547,
              34.1189085051006
            ],
            [
              -118.197077869983,
              34.1188818945856
            ],
            [
              -118.196949226689,
              34.1188587473652
            ]
          ]
        ]
      },
      "properties": {
        "OBJECTID": 48209,
        "Zoning": "[Q]C2-1XL",
        "CATEGORY": "Commercial",
        "Shape__Area": 119439.28515625,
        "Shape__Length": 1805.1491403136388
      }
    },
    {
      "type": "Feature",
      "geometry": {
        "type": "Polygon",
        "coordinates": [
          [
            [
              -118.216022881851,
              34.1228345946858
            ],
            [
              -118.213792360848,
              34.1224078588924
            ],
            [
              -118.21373673824,
              34.1226086894842
            ],
            [
              -118.213773903218,
              34.1226580854937
            ],
            [
              -118.214095877964,
              34.1227196999859
            ],
            [
              -118.214088479323,
              34.1227464773872
            ],
            [
              -118.214241797653,
              34.1227758003245
            ],
            [
              -118.214293366638,
              34.1227856836881
            ],
            [
              -118.214402785401,
              34.1228066207939
            ],
            [
              -118.214563806238,
              34.1228374135117
            ],
            [
              -118.214571172047,
              34.122810773533
            ],
            [
              -118.214732160054,
              34.1228416210423
            ],
            [
              -118.214893181151,
              34.1228724407999
            ],
            [
              -118.214989774097,
              34.1228909545696
            ],
            [
              -118.214982408203,
              34.1229175121381
            ],
            [
              -118.21507900108,
              34.1229359708793
            ],
            [
              -118.215086432462,
              34.1229091933584
            ],
            [
              -118.215231321955,
              34.1229369362739
            ],
            [
              -118.215376475941,
              34.1229647060232
            ],
            [
              -118.215369044648,
              34.122991483562
            ],
            [
              -118.215530066197,
              34.1230222749926
            ],
            [
              -118.215691054824,
              34.1230530662676
            ],
            [
              -118.215819845895,
              34.1230777321076
            ],
            [
              -118.215948670013,
              34.1231023702728
            ],
            [
              -118.216022881851,
              34.1228345946858
            ]
          ]
        ]
      },
      "properties": {
        "OBJECTID": 49735,
        "Zoning": "[Q]C4-1XL",
        "CATEGORY": "Commercial",
        "Shape__Area": 65816.341796875,
        "Shape__Length": 1616.4961610634125
      }
    },
    {
      "type": "Feature",
      "geometry": {
        "type": "Polygon",
        "coordinates": [
          [
            [
              -118.180239212196,
              34.1145833582325
            ],
            [
              -118.180360619689,
              34.1146267652252
            ],
            [
              -118.180482029377,
              34.1146701738103
            ],
            [
              -118.180603439191,
              34.1147135822736
            ],
            [
              -118.180724847063,
              34.1147569889005
            ],
            [
              -118.180846255065,
              34.114800397123
            ],
            [
              -118.180967665257,
              34.1148438052204
            ],
            [
              -118.181043099044,
              34.1148707742379
            ],
            [
              -118.181236917293,
              34.1145367924746
            ],
            [
              -118.181214797951,
              34.114484064785
            ],
            [
              -118.181182867251,
              34.114472652316
            ],
            [
              -118.181061455435,
              34.1144292513079
            ],
            [
              -118.180940041685,
              34.1143858518985
            ],
            [
              -118.180818628061,
              34.1143424523671
            ],
            [
              -118.180697216624,
              34.1142990509933
            ],
            [
              -118.180575803252,
              34.1142556512181
            ],
            [
              -118.1804543956435,
              34.11421225087891
            ],
            [
              -118.180454392067,
              34.1142122496004
            ],
            [
              -118.18038048090098,
              34.11433972003522
            ],
            [
              -118.180239212196,
              34.1145833582325
            ]
          ]
        ]
      },
      "properties": {
        "OBJECTID": 50417,
        "Zoning": "[Q]C4-1XL",
        "CATEGORY": "Commercial",
        "Shape__Area": 39572.984375,
        "Shape__Length": 820.5967618414847
      }
    },
    {
      "type": "Feature",
      "geometry": {
        "type": "Polygon",
        "coordinates": [
          [
            [
              -118.180454402369,
              34.1142122392805
            ],
            [
              -118.180332995444,
              34.1141688392522
            ],
            [
              -118.180269680129,
              34.1141462362907
            ],
            [
              -118.180268622108,
              34.1141458531668
            ],
            [
              -118.180267564145,
              34.1141454975215
            ],
            [
              -118.180266473204,
              34.1141451694042
            ],
            [
              -118.180265382264,
              34.1141448412868
            ],
            [
              -118.180264291382,
              34.114144540648
            ],
            [
              -118.180263200501,
              34.1141442400093
            ],
            [
              -118.180262109679,
              34.1141439668491
            ],
            [
              -118.180260985819,
              34.1141436937383
            ],
            [
              -118.180259862019,
              34.114143448106
            ],
            [
              -118.180258738279,
              34.1141432299524
            ],
            [
              -118.180257614538,
              34.1141430117988
            ],
            [
              -118.180256490856,
              34.1141428211237
            ],
            [
              -118.180255367174,
              34.1141426304487
            ],
            [
              -118.180254243552,
              34.1141424672523
            ],
            [
              -118.180253086952,
              34.1141423315838
            ],
            [
              -118.180251963389,
              34.1141421958659
            ],
            [
              -118.180250806848,
              34.1141420876761
            ],
            [
              -118.180249650307,
              34.1141419794861
            ],
            [
              -118.180248493825,
              34.1141418987748
            ],
            [
              -118.180247370439,
              34.1141418454929
            ],
            [
              -118.180246214017,
              34.1141417922602
            ],
            [
              -118.180245057653,
              34.1141417665061
            ],
            [
              -118.180243901349,
              34.1141417682306
            ],
            [
              -118.180242745045,
              34.1141417699552
            ],
            [
              -118.1802415888,
              34.1141417991583
            ],
            [
              -118.180240432555,
              34.1141418283614
            ],
            [
              -118.18023927637,
              34.1141418850432
            ],
            [
              -118.180238153221,
              34.1141419416757
            ],
            [
              -118.180236997095,
              34.1141420258361
            ],
            [
              -118.180235841027,
              34.114142137475
            ],
            [
              -118.18023468496,
              34.114142249114
            ],
            [
              -118.18023356199,
              34.1141423881823
            ],
            [
              -118.180232406041,
              34.1141425547785
            ],
            [
              -118.180231283129,
              34.1141427213255
            ],
            [
              -118.180230160277,
              34.114142915351
            ],
            [
              -118.180229037425,
              34.1141431093766
            ],
            [
              -118.180227914632,
              34.1141433308807
            ],
            [
              -118.180226791898,
              34.1141435798636
            ],
            [
              -118.180225669164,
              34.1141438288463
            ],
            [
              -118.180224579468,
              34.1141440777798
            ],
            [
              -118.180223456852,
              34.1141443817198
            ],
            [
              -118.180222367274,
              34.1141446856105
            ],
            [
              -118.180221277696,
              34.1141449895012
            ],
            [
              -118.180220188177,
              34.1141453208706
            ],
            [
              -118.180219131755,
              34.1141456796693
            ],
            [
              -118.180218042295,
              34.1141460385173
            ],
            [
              -118.180216985932,
              34.1141464247946
            ],
            [
              -118.180215962606,
              34.1141468110226
            ],
            [
              -118.180214906302,
              34.1141472247785
            ],
            [
              -118.180213883036,
              34.1141476384852
            ],
            [
              -118.180212859828,
              34.1141480796705
            ],
            [
              -118.180211836621,
              34.1141485208557
            ],
            [
              -118.180210813472,
              34.1141489895196
            ],
            [
              -118.180209823421,
              34.1141494856129
            ],
            [
              -118.180208833369,
              34.1141499817061
            ],
            [
              -118.180207876413,
              34.1141505052286
            ],
            [
              -118.180206886421,
              34.1141510288005
            ],
            [
              -118.180205962503,
              34.1141515522738
            ],
            [
              -118.180205005606,
              34.114152103275
            ],
            [
              -118.180204081807,
              34.1141526817056
            ],
            [
              -118.180203158007,
              34.1141532601361
            ],
            [
              -118.180202234267,
              34.1141538660453
            ],
            [
              -118.180201343563,
              34.1141544719053
            ],
            [
              -118.180200485898,
              34.1141550777159
            ],
            [
              -118.180199595254,
              34.1141557110544
            ],
            [
              -118.180198770684,
              34.1141563442944
            ],
            [
              -118.180197913137,
              34.1141570050623
            ],
            [
              -118.180197088685,
              34.1141576932595
            ],
            [
              -118.180196264175,
              34.1141583539782
            ],
            [
              -118.180195472821,
              34.1141590696047
            ],
            [
              -118.180194681407,
              34.1141597577528
            ],
            [
              -118.180193923089,
              34.1141604733301
            ],
            [
              -118.180193164772,
              34.1141611889074
            ],
            [
              -118.180192439551,
              34.1141619319141
            ],
            [
              -118.18019171433,
              34.1141626749208
            ],
            [
              -118.180191022206,
              34.1141634453569
            ],
            [
              -118.180190330081,
              34.1141642157929
            ],
            [
              -118.180189637957,
              34.114164986229
            ],
            [
              -118.180188978929,
              34.1141657840944
            ],
            [
              -118.180188352938,
              34.1141665819106
            ],
            [
              -118.180187726947,
              34.1141673797267
            ],
            [
              -118.180187134053,
              34.1141682049723
            ],
            [
              -118.180186541159,
              34.1141690302178
            ],
            [
              -118.180185948265,
              34.1141698554633
            ],
            [
              -118.180185388467,
              34.1141707081382
            ],
            [
              -118.180184861647,
              34.1141715332853
            ],
            [
              -118.180184071595,
              34.1141728534416
            ],
            [
              -118.179996389298,
              34.1144965301544
            ],
            [
              -118.180117796584,
              34.1145399579999
            ],
            [
              -118.180239203936,
              34.1145833582448
            ],
            [
              -118.18038048090098,
              34.11433972003522
            ],
            [
              -118.1804543956435,
              34.11421225087891
            ],
            [
              -118.180454402369,
              34.1142122392805
            ]
          ]
        ]
      },
      "properties": {
        "OBJECTID": 50418,
        "Zoning": "[Q]C4-1XL-HPOZ",
        "CATEGORY": "Commercial",
        "Shape__Area": 11906.689453125,
        "Shape__Length": 452.12678417647936
      }
    },
    {
      "type": "Feature",
      "geometry": {
        "type": "Polygon",
        "coordinates": [
          [
            [
              -118.194430710235,
              34.1093968163993
            ],
            [
              -118.1943633952,
              34.1093022055303
            ],
            [
              -118.194194097544,
              34.1090643196226
            ],
            [
              -118.194029967512,
              34.109145288265
            ],
            [
              -118.194022873026,
              34.1091487894533
            ],
            [
              -118.193909229144,
              34.1092048635782
            ],
            [
              -118.193887912616,
              34.1092153671735
            ],
            [
              -118.193872271722,
              34.109223086309
            ],
            [
              -118.193745824447,
              34.1092854459681
            ],
            [
              -118.193625085673,
              34.1093450209977
            ],
            [
              -118.193603769074,
              34.1093555245429
            ],
            [
              -118.193461680428,
              34.1094256030038
            ],
            [
              -118.193319624643,
              34.1094957087235
            ],
            [
              -118.193177535521,
              34.1095657868505
            ],
            [
              -118.193035479196,
              34.1096358647578
            ],
            [
              -118.193238348275,
              34.1099206597476
            ],
            [
              -118.193380438077,
              34.1098506365055
            ],
            [
              -118.193522527577,
              34.1097805856179
            ],
            [
              -118.193664649874,
              34.1097105345105
            ],
            [
              -118.193775779955,
              34.1098665729
            ],
            [
              -118.193917869151,
              34.1097965215475
            ],
            [
              -118.193928527456,
              34.1097912560083
            ],
            [
              -118.193939185823,
              34.1097860179467
            ],
            [
              -118.194059991144,
              34.109726469975
            ],
            [
              -118.194202079928,
              34.1096564457673
            ],
            [
              -118.194223396465,
              34.1096459146378
            ],
            [
              -118.194145939759,
              34.1095371684045
            ],
            [
              -118.194266711602,
              34.1094776477583
            ],
            [
              -118.194430710235,
              34.1093968163993
            ]
          ]
        ]
      },
      "properties": {
        "OBJECTID": 51797,
        "Zoning": "[Q]C4-2D-HPOZ",
        "CATEGORY": "Commercial",
        "Shape__Area": 61547.146484375,
        "Shape__Length": 1188.5379374425697
      }
    },
    {
      "type": "Feature",
      "geometry": {
        "type": "Polygon",
        "coordinates": [
          [
            [
              -118.193433662187,
              34.1101949146656
            ],
            [
              -118.193517879743,
              34.1103131032114
            ],
            [
              -118.193602064566,
              34.1104313192303
            ],
            [
              -118.19368088229,
              34.1105419476441
            ],
            [
              -118.193717724723,
              34.1105397710128
            ],
            [
              -118.194041126246,
              34.1103806037687
            ],
            [
              -118.193953759098,
              34.1102579416093
            ],
            [
              -118.194067437545,
              34.1102019223449
            ],
            [
              -118.194181115776,
              34.110145875495
            ],
            [
              -118.194096930485,
              34.1100276873591
            ],
            [
              -118.194012745369,
              34.1099094716862
            ],
            [
              -118.193433662187,
              34.1101949146656
            ]
          ]
        ]
      },
      "properties": {
        "OBJECTID": 51798,
        "Zoning": "[Q]C4-2D-HPOZ",
        "CATEGORY": "Commercial",
        "Shape__Area": 26764.412109375,
        "Shape__Length": 707.361421779195
      }
    },
    {
      "type": "Feature",
      "geometry": {
        "type": "Polygon",
        "coordinates": [
          [
            [
              -118.20045865963,
              34.1047637549434
            ],
            [
              -118.200283553042,
              34.1045184301862
            ],
            [
              -118.200105544944,
              34.1046062293604
            ],
            [
              -118.19993222172,
              34.1046917157432
            ],
            [
              -118.19975889815,
              34.1047772053124
            ],
            [
              -118.199585576286,
              34.1048626929123
            ],
            [
              -118.199412252004,
              34.1049481802674
            ],
            [
              -118.199234242075,
              34.1050359781593
            ],
            [
              -118.199409373708,
              34.1052813885501
            ],
            [
              -118.199760640448,
              34.1051080994705
            ],
            [
              -118.200107272048,
              34.1049371046475
            ],
            [
              -118.200280587306,
              34.10485160257
            ],
            [
              -118.20045865963,
              34.1047637549434
            ]
          ]
        ]
      },
      "properties": {
        "OBJECTID": 52355,
        "Zoning": "(Q)C4-2D-HPOZ",
        "CATEGORY": "Commercial",
        "Shape__Area": 38349.1435546875,
        "Shape__Length": 946.2778806309184
      }
    },
    {
      "type": "Feature",
      "geometry": {
        "type": "Polygon",
        "coordinates": [
          [
            [
              -118.200740477958,
              34.1198357813272
            ],
            [
              -118.200666354451,
              34.1201037121548
            ],
            [
              -118.200703543698,
              34.1201531396034
            ],
            [
              -118.20078393335,
              34.1201685315661
            ],
            [
              -118.200912715645,
              34.1201932407675
            ],
            [
              -118.201041497949,
              34.120217922353
            ],
            [
              -118.201034095348,
              34.1202446989532
            ],
            [
              -118.201080934357,
              34.1202536890174
            ],
            [
              -118.201162877767,
              34.1202693804095
            ],
            [
              -118.201291660263,
              34.1202940617285
            ],
            [
              -118.2014204429,
              34.1203187703889
            ],
            [
              -118.201549225548,
              34.1203434514336
            ],
            [
              -118.201678008272,
              34.120368132341
            ],
            [
              -118.201806791071,
              34.1203928131112
            ],
            [
              -118.201935574014,
              34.1204175212228
            ],
            [
              -118.202064356965,
              34.1204422017186
            ],
            [
              -118.202193139993,
              34.1204668820772
            ],
            [
              -118.202200542243,
              34.1204401054059
            ],
            [
              -118.202232738035,
              34.1204462892115
            ],
            [
              -118.202225302756,
              34.12047306594
            ],
            [
              -118.202321923097,
              34.1204915622985
            ],
            [
              -118.202329325307,
              34.1204647856194
            ],
            [
              -118.202458108515,
              34.1204894931743
            ],
            [
              -118.202450706344,
              34.1205162698614
            ],
            [
              -118.2025794896,
              34.1205409498083
            ],
            [
              -118.20267211257,
              34.1202060777726
            ],
            [
              -118.200740477958,
              34.1198357813272
            ]
          ]
        ]
      },
      "properties": {
        "OBJECTID": 52714,
        "Zoning": "[Q]C4-1XL",
        "CATEGORY": "Commercial",
        "Shape__Area": 73213.658203125,
        "Shape__Length": 1481.2683772826103
      }
    },
    {
      "type": "Feature",
      "geometry": {
        "type": "Polygon",
        "coordinates": [
          [
            [
              -118.202865286926,
              34.1202431230486
            ],
            [
              -118.202772664493,
              34.1205779145142
            ],
            [
              -118.202901448006,
              34.1206026215968
            ],
            [
              -118.203030231528,
              34.1206273010635
            ],
            [
              -118.203159015193,
              34.1206520078716
            ],
            [
              -118.203287798867,
              34.1206766870639
            ],
            [
              -118.203416582684,
              34.1207013935976
            ],
            [
              -118.203461670224,
              34.1207100284644
            ],
            [
              -118.203529268478,
              34.1207229670493
            ],
            [
              -118.203545366443,
              34.1207260450369
            ],
            [
              -118.203674150346,
              34.1207507238175
            ],
            [
              -118.203802934391,
              34.1207754299396
            ],
            [
              -118.203931718446,
              34.1208001084459
            ],
            [
              -118.204060502576,
              34.1208247868149
            ],
            [
              -118.20418928685,
              34.1208494925253
            ],
            [
              -118.204318071132,
              34.1208741706199
            ],
            [
              -118.204446855491,
              34.1208988485774
            ],
            [
              -118.204575639993,
              34.1209235538761
            ],
            [
              -118.204704193089,
              34.1209481769936
            ],
            [
              -118.204755316499,
              34.1207635706801
            ],
            [
              -118.204796841831,
              34.1206136261437
            ],
            [
              -118.202865286926,
              34.1202431230486
            ]
          ]
        ]
      },
      "properties": {
        "OBJECTID": 52720,
        "Zoning": "[Q]C4-1XL",
        "CATEGORY": "Commercial",
        "Shape__Area": 74983.11328125,
        "Shape__Length": 1449.8510546138411
      }
    },
    {
      "type": "Feature",
      "geometry": {
        "type": "Polygon",
        "coordinates": [
          [
            [
              -118.181484813403,
              34.1150890209536
            ],
            [
              -118.181363620536,
              34.1150451871281
            ],
            [
              -118.181266368815,
              34.1150104178836
            ],
            [
              -118.181242209849,
              34.1150017811456
            ],
            [
              -118.181229597325,
              34.1150235151177
            ],
            [
              -118.181056654273,
              34.1153215251523
            ],
            [
              -118.181026841483,
              34.1153728949083
            ],
            [
              -118.181148248489,
              34.1154163114183
            ],
            [
              -118.181265563078,
              34.1154578344782
            ],
            [
              -118.1812699277811,
              34.11545937815394
            ],
            [
              -118.181269929493,
              34.1154593787594
            ],
            [
              -118.181484813403,
              34.1150890209536
            ]
          ]
        ]
      },
      "properties": {
        "OBJECTID": 52722,
        "Zoning": "[Q]C4-1XL-HPOZ",
        "CATEGORY": "Commercial",
        "Shape__Area": 11981.8837890625,
        "Shape__Length": 459.6475472284919
      }
    },
    {
      "type": "Feature",
      "geometry": {
        "type": "Polygon",
        "coordinates": [
          [
            [
              -118.204741601954,
              34.1215473682034
            ],
            [
              -118.206668110314,
              34.1219166443897
            ],
            [
              -118.206764421691,
              34.1215686847113
            ],
            [
              -118.206635635548,
              34.1215439817443
            ],
            [
              -118.206507213195,
              34.1215193879337
            ],
            [
              -118.206378823889,
              34.1214947664516
            ],
            [
              -118.206250434728,
              34.1214701723117
            ],
            [
              -118.206122045574,
              34.1214455505568
            ],
            [
              -118.205993623455,
              34.1214209287219
            ],
            [
              -118.20586523452,
              34.1213963341729
            ],
            [
              -118.205736845593,
              34.1213717120089
            ],
            [
              -118.205659825516,
              34.121356949614
            ],
            [
              -118.205608423701,
              34.1213470897647
            ],
            [
              -118.20560359755,
              34.1213461636976
            ],
            [
              -118.205480034992,
              34.1213224948065
            ],
            [
              -118.205351646292,
              34.1212978722334
            ],
            [
              -118.205223224695,
              34.1212732770586
            ],
            [
              -118.205094836146,
              34.1212486542127
            ],
            [
              -118.204971273809,
              34.121224957323
            ],
            [
              -118.204966447672,
              34.1212240312304
            ],
            [
              -118.204838026301,
              34.1211994356464
            ],
            [
              -118.204741601954,
              34.1215473682034
            ]
          ]
        ]
      },
      "properties": {
        "OBJECTID": 52723,
        "Zoning": "[Q]C4-1XL",
        "CATEGORY": "Commercial",
        "Shape__Area": 77750.849609375,
        "Shape__Length": 1456.5749354107768
      }
    },
    {
      "type": "Feature",
      "geometry": {
        "type": "Polygon",
        "coordinates": [
          [
            [
              -118.202620825012,
              34.1211264506503
            ],
            [
              -118.204552167559,
              34.1214967931808
            ],
            [
              -118.204644848857,
              34.1211623918051
            ],
            [
              -118.204516361528,
              34.1211377685126
            ],
            [
              -118.204387576781,
              34.1211130906291
            ],
            [
              -118.204258792043,
              34.1210883851298
            ],
            [
              -118.204130007448,
              34.1210637069719
            ],
            [
              -118.204001222929,
              34.1210390286767
            ],
            [
              -118.203872438419,
              34.1210143227658
            ],
            [
              -118.203743654052,
              34.1209896441962
            ],
            [
              -118.203614869761,
              34.1209649654894
            ],
            [
              -118.203486085479,
              34.1209402591668
            ],
            [
              -118.20335730134,
              34.1209155801857
            ],
            [
              -118.203228517277,
              34.1208909010673
            ],
            [
              -118.203099733224,
              34.120866194333
            ],
            [
              -118.202970949313,
              34.1208415149402
            ],
            [
              -118.202842165479,
              34.1208168354102
            ],
            [
              -118.202713381654,
              34.1207921282643
            ],
            [
              -118.202620825012,
              34.1211264506503
            ]
          ]
        ]
      },
      "properties": {
        "OBJECTID": 52724,
        "Zoning": "[Q]C4-1XL",
        "CATEGORY": "Commercial",
        "Shape__Area": 74905.9931640625,
        "Shape__Length": 1449.5280883705605
      }
    },
    {
      "type": "Feature",
      "geometry": {
        "type": "Polygon",
        "coordinates": [
          [
            [
              -118.199409373708,
              34.1052813885501
            ],
            [
              -118.199230871705,
              34.1050312573761
            ],
            [
              -118.198852880103,
              34.1052176910925
            ],
            [
              -118.198927521252,
              34.1053223171243
            ],
            [
              -118.199008526465,
              34.1054359181718
            ],
            [
              -118.199059669013,
              34.1054106909066
            ],
            [
              -118.19914392685,
              34.1055288685827
            ],
            [
              -118.199470852938,
              34.1053675376352
            ],
            [
              -118.199409373708,
              34.1052813885501
            ]
          ]
        ]
      },
      "properties": {
        "OBJECTID": 52729,
        "Zoning": "[Q]C4-2D-HPOZ",
        "CATEGORY": "Commercial",
        "Shape__Area": 18036.6005859375,
        "Shape__Length": 550.7600414221329
      }
    },
    {
      "type": "Feature",
      "geometry": {
        "type": "Polygon",
        "coordinates": [
          [
            [
              -118.200627890163,
              34.1050008352857
            ],
            [
              -118.200594154598,
              34.1049535729333
            ],
            [
              -118.20045865963,
              34.1047637549434
            ],
            [
              -118.200280587306,
              34.10485160257
            ],
            [
              -118.200107272048,
              34.1049371046475
            ],
            [
              -118.199760640448,
              34.1051080994705
            ],
            [
              -118.199409373708,
              34.1052813885501
            ],
            [
              -118.199470852938,
              34.1053675376352
            ],
            [
              -118.19914392685,
              34.1055288685827
            ],
            [
              -118.199092780142,
              34.1055541027602
            ],
            [
              -118.199196121143,
              34.1056989891893
            ],
            [
              -118.199197175553,
              34.1057004644324
            ],
            [
              -118.19959209954,
              34.1055075544778
            ],
            [
              -118.199790975221,
              34.1054094153241
            ],
            [
              -118.200456975311,
              34.1050842884326
            ],
            [
              -118.200627890163,
              34.1050008352857
            ]
          ]
        ]
      },
      "properties": {
        "OBJECTID": 52730,
        "Zoning": "[Q]C4-2D-HPOZ",
        "CATEGORY": "Commercial",
        "Shape__Area": 45040.2373046875,
        "Shape__Length": 1203.506395016632
      }
    },
    {
      "type": "Feature",
      "geometry": {
        "type": "Polygon",
        "coordinates": [
          [
            [
              -118.205892567043,
              34.1208093984604
            ],
            [
              -118.205796187175,
              34.12115749666
            ],
            [
              -118.205924575791,
              34.1211821187608
            ],
            [
              -118.206052964415,
              34.1212067132467
            ],
            [
              -118.206181386222,
              34.1212313350184
            ],
            [
              -118.206309775064,
              34.12125595671
            ],
            [
              -118.206438163915,
              34.1212805507867
            ],
            [
              -118.206561726749,
              34.1213042461768
            ],
            [
              -118.206566552909,
              34.1213051722057
            ],
            [
              -118.20669497495,
              34.1213297659531
            ],
            [
              -118.206823694632,
              34.1213544414912
            ],
            [
              -118.206920041539,
              34.1210063425198
            ],
            [
              -118.205892567043,
              34.1208093984604
            ]
          ]
        ]
      },
      "properties": {
        "OBJECTID": 52739,
        "Zoning": "[Q]C4-1XL",
        "CATEGORY": "Commercial",
        "Shape__Area": 41486.302734375,
        "Shape__Length": 898.2583538729891
      }
    },
    {
      "type": "Feature",
      "geometry": {
        "type": "Polygon",
        "coordinates": [
          [
            [
              -118.204993759651,
              34.120637114661
            ],
            [
              -118.204897370065,
              34.1209852207398
            ],
            [
              -118.205025791124,
              34.1210098162606
            ],
            [
              -118.205154179286,
              34.1210344391797
            ],
            [
              -118.205282567524,
              34.1210590619625
            ],
            [
              -118.20541098881,
              34.121083657074
            ],
            [
              -118.205539377198,
              34.121108279584
            ],
            [
              -118.205667765663,
              34.1211329019576
            ],
            [
              -118.205783295481,
              34.1211550455239
            ],
            [
              -118.205879673276,
              34.1208069232942
            ],
            [
              -118.204993759651,
              34.120637114661
            ]
          ]
        ]
      },
      "properties": {
        "OBJECTID": 52740,
        "Zoning": "[Q]C4-1XL",
        "CATEGORY": "Commercial",
        "Shape__Area": 35770.7568359375,
        "Shape__Length": 810.3313212603334
      }
    },
    {
      "type": "Feature",
      "geometry": {
        "type": "Polygon",
        "coordinates": [
          [
            [
              -118.185399546839,
              34.1178509659993
            ],
            [
              -118.185409767613,
              34.1179605577978
            ],
            [
              -118.185936761172,
              34.1179265264113
            ],
            [
              -118.185926479871,
              34.1178169536411
            ],
            [
              -118.18539954730566,
              34.11785096596918
            ],
            [
              -118.185399546839,
              34.1178509659993
            ]
          ]
        ]
      },
      "properties": {
        "OBJECTID": 52794,
        "Zoning": "[Q]C4-1VL",
        "CATEGORY": "Commercial",
        "Shape__Area": 6399.0537109375,
        "Shape__Length": 399.95542774232445
      }
    },
    {
      "type": "Feature",
      "geometry": {
        "type": "Polygon",
        "coordinates": [
          [
            [
              -118.185386003157,
              34.1177057754584
            ],
            [
              -118.18538738172363,
              34.1177206224701
            ],
            [
              -118.185387907057,
              34.117726280253
            ],
            [
              -118.18538837870538,
              34.11773131730321
            ],
            [
              -118.185389322,
              34.1177413913807
            ],
            [
              -118.185399546839,
              34.1178509659993
            ],
            [
              -118.18539954730566,
              34.11785096596918
            ],
            [
              -118.185926479871,
              34.1178169536411
            ],
            [
              -118.185914804223,
              34.1176922765868
            ],
            [
              -118.185904547723,
              34.1175826883206
            ],
            [
              -118.18555272741,
              34.1176054077433
            ],
            [
              -118.18538600828177,
              34.1177057723733
            ],
            [
              -118.185386003157,
              34.1177057754584
            ]
          ]
        ]
      },
      "properties": {
        "OBJECTID": 52795,
        "Zoning": "[Q]C4-1VL",
        "CATEGORY": "Commercial",
        "Shape__Area": 12814.00390625,
        "Shape__Length": 467.57966869408426
      }
    },
    {
      "type": "Feature",
      "geometry": {
        "type": "Polygon",
        "coordinates": [
          [
            [
              -118.184300612672,
              34.1164138230742
            ],
            [
              -118.184681826355,
              34.1166772309467
            ],
            [
              -118.184788806544,
              34.1165725417969
            ],
            [
              -118.184895751355,
              34.1164678491714
            ],
            [
              -118.184950377503,
              34.11641437443
            ],
            [
              -118.184952553097,
              34.1164121453241
            ],
            [
              -118.184953904258,
              34.1164106044479
            ],
            [
              -118.18495584822,
              34.116408210824
            ],
            [
              -118.184957033946,
              34.1164065602861
            ],
            [
              -118.184958186573,
              34.1164048823201
            ],
            [
              -118.184959240086,
              34.1164032045057
            ],
            [
              -118.1849602274,
              34.1164014718351
            ],
            [
              -118.184961576068,
              34.116398804335
            ],
            [
              -118.184962726445,
              34.1163961096597
            ],
            [
              -118.184963416173,
              34.1163942675297
            ],
            [
              -118.184964302063,
              34.1163914908229
            ],
            [
              -118.184964793502,
              34.1163896215176
            ],
            [
              -118.184965218803,
              34.1163877248349
            ],
            [
              -118.184965708053,
              34.116384866299
            ],
            [
              -118.184965902087,
              34.1163829699701
            ],
            [
              -118.184966029984,
              34.1163810462638
            ],
            [
              -118.184966089737,
              34.1163781883852
            ],
            [
              -118.184966019406,
              34.1163762649822
            ],
            [
              -118.184965781755,
              34.1163733800801
            ],
            [
              -118.184965513255,
              34.1163714844592
            ],
            [
              -118.184965178679,
              34.1163695889394
            ],
            [
              -118.184964744989,
              34.1163676935713
            ],
            [
              -118.184963945873,
              34.1163648919645
            ],
            [
              -118.184963347113,
              34.1163630518065
            ],
            [
              -118.1849626493,
              34.1163612392788
            ],
            [
              -118.184961453909,
              34.1163585207147
            ],
            [
              -118.184960557988,
              34.1163567634476
            ],
            [
              -118.184959595992,
              34.1163550062816
            ],
            [
              -118.184958568041,
              34.1163533041739
            ],
            [
              -118.184956877503,
              34.1163507787187
            ],
            [
              -118.184955021958,
              34.116348335952
            ],
            [
              -118.184953730006,
              34.116346771642
            ],
            [
              -118.184684743982,
              34.116037827531
            ],
            [
              -118.184514535831,
              34.1162044162172
            ],
            [
              -118.18440759088,
              34.1163091085045
            ],
            [
              -118.184300612672,
              34.1164138230742
            ]
          ]
        ]
      },
      "properties": {
        "OBJECTID": 52796,
        "Zoning": "[Q]C4-1VL",
        "CATEGORY": "Commercial",
        "Shape__Area": 24012.068359375,
        "Shape__Length": 620.4350058033281
      }
    },
    {
      "type": "Feature",
      "geometry": {
        "type": "Polygon",
        "coordinates": [
          [
            [
              -118.183872734147,
              34.1168325979167
            ],
            [
              -118.184253950456,
              34.1170960071389
            ],
            [
              -118.184360925507,
              34.1169913115064
            ],
            [
              -118.18446790029,
              34.1168866157794
            ],
            [
              -118.184574852111,
              34.1167819285798
            ],
            [
              -118.184681826355,
              34.1166772309467
            ],
            [
              -118.184300612672,
              34.1164138230742
            ],
            [
              -118.184193636227,
              34.1165185220896
            ],
            [
              -118.184086684266,
              34.1166232089511
            ],
            [
              -118.183979709342,
              34.1167279043398
            ],
            [
              -118.183872734147,
              34.1168325979167
            ]
          ]
        ]
      },
      "properties": {
        "OBJECTID": 52797,
        "Zoning": "[Q]C4-1VL",
        "CATEGORY": "Commercial",
        "Shape__Area": 29999.42578125,
        "Shape__Length": 700.0112379197851
      }
    }
  ]
}